-- MySQL dump 10.13  Distrib 5.1.73, for redhat-linux-gnu (x86_64)
--
-- Host: localhost    Database: radius
-- ------------------------------------------------------
-- Server version	5.1.73

/*!40101 SET @OLD_CHARACTER_SET_CLIENT=@@CHARACTER_SET_CLIENT */;
/*!40101 SET @OLD_CHARACTER_SET_RESULTS=@@CHARACTER_SET_RESULTS */;
/*!40101 SET @OLD_COLLATION_CONNECTION=@@COLLATION_CONNECTION */;
/*!40101 SET NAMES utf8 */;
/*!40103 SET @OLD_TIME_ZONE=@@TIME_ZONE */;
/*!40103 SET TIME_ZONE='+00:00' */;
/*!40014 SET @OLD_UNIQUE_CHECKS=@@UNIQUE_CHECKS, UNIQUE_CHECKS=0 */;
/*!40014 SET @OLD_FOREIGN_KEY_CHECKS=@@FOREIGN_KEY_CHECKS, FOREIGN_KEY_CHECKS=0 */;
/*!40101 SET @OLD_SQL_MODE=@@SQL_MODE, SQL_MODE='NO_AUTO_VALUE_ON_ZERO' */;
/*!40111 SET @OLD_SQL_NOTES=@@SQL_NOTES, SQL_NOTES=0 */;

--
-- Table structure for table `nas`
--

DROP TABLE IF EXISTS `nas`;
/*!40101 SET @saved_cs_client     = @@character_set_client */;
/*!40101 SET character_set_client = utf8 */;
CREATE TABLE `nas` (
  `id` int(10) NOT NULL AUTO_INCREMENT,
  `nasname` varchar(128) NOT NULL,
  `shortname` varchar(32) DEFAULT NULL,
  `type` varchar(30) DEFAULT 'other',
  `ports` int(5) DEFAULT NULL,
  `secret` varchar(60) NOT NULL DEFAULT 'secret',
  `server` varchar(64) DEFAULT NULL,
  `community` varchar(50) DEFAULT NULL,
  `description` varchar(200) DEFAULT 'RADIUS Client',
  PRIMARY KEY (`id`),
  KEY `nasname` (`nasname`)
) ENGINE=MyISAM DEFAULT CHARSET=latin1;
/*!40101 SET character_set_client = @saved_cs_client */;

--
-- Dumping data for table `nas`
--

LOCK TABLES `nas` WRITE;
/*!40000 ALTER TABLE `nas` DISABLE KEYS */;
/*!40000 ALTER TABLE `nas` ENABLE KEYS */;
UNLOCK TABLES;

--
-- Table structure for table `radacct`
--

DROP TABLE IF EXISTS `radacct`;
/*!40101 SET @saved_cs_client     = @@character_set_client */;
/*!40101 SET character_set_client = utf8 */;
CREATE TABLE `radacct` (
  `radacctid` bigint(21) NOT NULL AUTO_INCREMENT,
  `acctsessionid` varchar(64) NOT NULL DEFAULT '',
  `acctuniqueid` varchar(32) NOT NULL DEFAULT '',
  `username` varchar(64) NOT NULL DEFAULT '',
  `groupname` varchar(64) NOT NULL DEFAULT '',
  `realm` varchar(64) DEFAULT '',
  `nasipaddress` varchar(15) NOT NULL DEFAULT '',
  `nasportid` varchar(15) DEFAULT NULL,
  `nasporttype` varchar(32) DEFAULT NULL,
  `acctstarttime` datetime DEFAULT NULL,
  `acctstoptime` datetime DEFAULT NULL,
  `acctsessiontime` int(12) DEFAULT NULL,
  `acctauthentic` varchar(32) DEFAULT NULL,
  `connectinfo_start` varchar(50) DEFAULT NULL,
  `connectinfo_stop` varchar(50) DEFAULT NULL,
  `acctinputoctets` bigint(20) DEFAULT NULL,
  `acctoutputoctets` bigint(20) DEFAULT NULL,
  `calledstationid` varchar(50) NOT NULL DEFAULT '',
  `callingstationid` varchar(50) NOT NULL DEFAULT '',
  `acctterminatecause` varchar(32) NOT NULL DEFAULT '',
  `servicetype` varchar(32) DEFAULT NULL,
  `framedprotocol` varchar(32) DEFAULT NULL,
  `framedipaddress` varchar(15) NOT NULL DEFAULT '',
  `acctstartdelay` int(12) DEFAULT NULL,
  `acctstopdelay` int(12) DEFAULT NULL,
  `xascendsessionsvrkey` varchar(10) DEFAULT NULL,
  PRIMARY KEY (`radacctid`),
  KEY `username` (`username`),
  KEY `framedipaddress` (`framedipaddress`),
  KEY `acctsessionid` (`acctsessionid`),
  KEY `acctsessiontime` (`acctsessiontime`),
  KEY `acctuniqueid` (`acctuniqueid`),
  KEY `acctstarttime` (`acctstarttime`),
  KEY `acctstoptime` (`acctstoptime`),
  KEY `nasipaddress` (`nasipaddress`)
) ENGINE=MyISAM AUTO_INCREMENT=511 DEFAULT CHARSET=latin1;
/*!40101 SET character_set_client = @saved_cs_client */;

--
-- Dumping data for table `radacct`
--

LOCK TABLES `radacct` WRITE;
/*!40000 ALTER TABLE `radacct` DISABLE KEYS */;
INSERT INTO `radacct` VALUES (1,'80c0000e','ad0a0d794fe0aee6','acer','','','10.0.222.222','2160066574','Wireless-802.11','2014-04-07 16:59:10','2014-04-07 17:16:27',1036,'','','',3478587,168665265,'hotspot1','F0:F6:1C:98:F6:12','User-Request','','','10.0.0.22',0,0,''),(2,'80c0000f','2db1ab04994c4168','acer','','','10.0.222.222','2160066575','Wireless-802.11','2014-04-07 17:18:39','2014-04-07 18:45:22',5203,'','','',3182120,151489502,'hotspot1','F0:F6:1C:98:F6:12','User-Request','','','10.0.0.22',0,0,''),(3,'80c00010','5adaf61df7a8481f','iphone','','','10.0.222.222','2160066576','Wireless-802.11','2014-04-07 17:28:28','2014-04-07 18:05:49',2240,'','','',94949,282288,'hotspot1','B8:78:2E:76:A6:39','User-Request','','','10.0.0.30',0,0,''),(4,'80c00012','8d068b644c904ffc','mi','','','10.0.222.222','2160066578','Wireless-802.11','2014-04-07 17:30:32','2014-04-07 18:44:47',4455,'','','',172731,531745,'hotspot1','D4:97:0B:60:AC:B1','User-Request','','','10.0.0.7',0,0,''),(5,'80c00013','fd9676d349e15470','iphone','','','10.0.222.222','2160066579','Wireless-802.11','2014-04-07 18:06:13','2014-04-07 18:12:24',70,'','','',2613,6832,'hotspot1','B8:78:2E:76:A6:39','Idle-Timeout','','','10.0.0.30',0,0,''),(6,'80c00014','422f3aa6564bccb7','iphone','','','10.0.222.222','2160066580','Wireless-802.11','2014-04-07 18:13:57','2014-04-07 18:21:55',178,'','','',15440,28964,'hotspot1','B8:78:2E:76:A6:39','Idle-Timeout','','','10.0.0.30',0,0,''),(7,'80c00016','29c949ee10631349','mi','','','10.0.222.222','2160066582','Wireless-802.11','2014-04-07 18:51:18','2014-04-07 20:22:02',5443,'','','',8535195,603936284,'hotspot1','D4:97:0B:60:AC:B1','User-Request','','','10.0.0.7',0,0,''),(8,'80c00017','78550e59d4160a67','iphone','','','10.0.222.222','2160066583','Wireless-802.11','2014-04-07 19:12:51','2014-04-07 19:40:37',1665,'','','',513659,9297831,'hotspot1','B8:78:2E:76:A6:39','Lost-Service','','','10.0.0.30',0,0,''),(9,'80c00018','f8227d1eadfe75f2','iphone','','','10.0.222.222','2160066584','Wireless-802.11','2014-04-07 19:59:34','2014-04-07 20:10:10',635,'','','',570074,17697332,'hotspot1','B8:78:2E:76:A6:39','User-Request','','','10.0.0.30',0,0,''),(10,'80c00019','a955e0f589958b7b','iphone','','','10.0.222.222','2160066585','Wireless-802.11','2014-04-07 20:12:34','2014-04-07 20:26:34',841,'','','',45129,176177,'hotspot1','B8:78:2E:76:A6:39','Lost-Service','','','10.0.0.30',0,0,''),(11,'80c0001a','6f01222b823fb33b','mi','','','10.0.222.222','2160066586','Wireless-802.11','2014-04-07 20:29:13','2014-04-08 07:12:17',38584,'','','',0,0,'hotspot1','D4:97:0B:60:AC:B1','','','','10.0.0.7',0,0,''),(12,'80c0001b','b1af491c04237a74','iphone','','','10.0.222.222','2160066587','Wireless-802.11','2014-04-07 20:44:06','2014-04-07 20:55:07',661,'','','',268895,403223,'hotspot1','B8:78:2E:76:A6:39','Lost-Service','','','10.0.0.30',0,0,''),(13,'80c00020','a1b7da6d7701b431','iphone','','','10.0.222.222','2160066592','Wireless-802.11','2014-04-07 21:05:16','2014-04-08 07:12:17',36421,'','','',0,0,'hotspot1','B8:78:2E:76:A6:39','','','','10.0.0.43',0,0,''),(14,'80d00000','87e598ca90515bd7','mi','','','10.0.222.222','2161115136','Wireless-802.11','2014-04-08 07:12:26','2014-04-08 20:29:04',47798,'','','',0,0,'hotspot1','D4:97:0B:60:AC:B1','','','','10.0.0.7',0,0,''),(15,'80e00001','b4088618eee41efe','iphone','','','10.0.222.222','2162163713','Wireless-802.11','2014-04-08 20:40:02','2014-04-08 21:31:40',3098,'','','',3559969,172261118,'hotspot1','B8:78:2E:76:A6:39','Lost-Service','','','10.0.0.43',0,0,''),(16,'80e00003','9df1aeaadb49d0b7','mi','','','10.0.222.222','2162163715','Wireless-802.11','2014-04-08 21:09:39','2014-04-08 23:09:39',7200,'','','',181142,138455,'hotspot1','D4:97:0B:60:AC:B1','Session-Timeout','','','10.0.0.7',0,0,''),(17,'80e00006','27c997f0aa47e7c6','acer','','','10.0.222.222','2162163718','Wireless-802.11','2014-04-08 21:55:25','2014-04-08 23:55:26',7200,'','','',6762186,21805801,'hotspot1','E0:9D:31:16:1C:30','Session-Timeout','','','10.0.0.9',0,0,''),(18,'80e00008','f7ab8582ec192d57','iphone','','','10.0.222.222','2162163720','Wireless-802.11','2014-04-08 23:20:25','2014-04-08 23:53:14',1969,'','','',446661,4565205,'hotspot1','B8:78:2E:76:A6:39','Lost-Service','','','10.0.0.43',0,0,''),(19,'80e00009','00f6065fcf54261e','iphone','','','10.0.222.222','2162163721','Wireless-802.11','2014-04-09 04:56:30','2014-04-09 05:28:17',1906,'','','',238147,7065055,'hotspot1','B8:78:2E:76:A6:39','Lost-Service','','','10.0.0.43',0,0,''),(20,'80e0000a','e93b6a4c2f94bd6f','iphone','','','10.0.222.222','2162163722','Wireless-802.11','2014-04-09 05:30:00','2014-04-09 05:46:55',1015,'','','',217386,18638773,'hotspot1','B8:78:2E:76:A6:39','User-Request','','','10.0.0.43',0,0,''),(21,'80e0000c','733da7e594b6e7be','iphone','','','10.0.222.222','2162163724','Wireless-802.11','2014-04-09 05:47:13','2014-04-09 06:15:09',1676,'','','',3596294,187325756,'hotspot1','B8:78:2E:76:A6:39','Admin-Reset','','','10.0.0.43',0,0,''),(22,'80e0000d','ea92247b8e18defc','iphone','','','10.0.222.222','2162163725','Wireless-802.11','2014-04-09 06:15:19','2014-04-09 06:34:13',1134,'','','',863906,41670312,'hotspot1','B8:78:2E:76:A6:39','Lost-Service','','','10.0.0.43',0,0,''),(23,'80e0000e','676f4f9f5cf1072d','iphone','','','10.0.222.222','2162163726','Wireless-802.11','2014-04-09 06:38:06','2014-04-09 07:17:09',2342,'','','',253743,2277875,'hotspot1','B8:78:2E:76:A6:39','Lost-Service','','','10.0.0.43',0,0,''),(24,'80e00010','f12f570090457e68','mi','','','10.0.222.222','2162163728','Wireless-802.11','2014-04-09 07:27:32','2014-04-09 07:27:44',13,'','','',29136,10955,'hotspot1','D4:97:0B:60:AC:B1','User-Request','','','10.0.0.7',0,0,''),(25,'80e00012','81f8d8c1b37bc592','mi','','','10.0.222.222','2162163730','Wireless-802.11','2014-04-09 07:27:57','2014-04-09 09:27:57',7200,'','','',299805,170281,'hotspot1','D4:97:0B:60:AC:B1','Session-Timeout','','','10.0.0.7',0,0,''),(26,'80e00013','d6cae0f84936be30','iphone','','','10.0.222.222','2162163731','Wireless-802.11','2014-04-09 08:14:22','2014-04-09 08:28:46',865,'','','',389417,32549240,'hotspot1','B8:78:2E:76:A6:39','Lost-Service','','','10.0.0.43',0,0,''),(27,'80e00014','06c7ead578c1d1dc','iphone','','','10.0.222.222','2162163732','Wireless-802.11','2014-04-09 19:43:06','2014-04-09 19:43:49',43,'','','',30238,35430,'hotspot1','B8:78:2E:76:A6:39','User-Request','','','10.0.0.54',0,0,''),(28,'80e00015','5b1797b761dd0d69','iphone','','','10.0.222.222','2162163733','Wireless-802.11','2014-04-09 19:44:02','2014-04-09 19:55:28',686,'','','',77319,231400,'hotspot1','B8:78:2E:76:A6:39','Lost-Service','','','10.0.0.54',0,0,''),(29,'80e00017','6cdb00d97e34942f','iphone','','','10.0.222.222','2162163735','Wireless-802.11','2014-04-09 21:08:17','2014-04-09 21:30:43',1346,'','','',1737394,84077341,'hotspot1','B8:78:2E:76:A6:39','Lost-Service','','','10.0.0.54',0,0,''),(30,'80e00019','a3f7bdb741de01db','iphone','','','10.0.222.222','2162163737','Wireless-802.11','2014-04-09 22:25:46','2014-04-09 22:46:59',1274,'','','',29619020,10543631,'hotspot1','B8:78:2E:76:A6:39','Lost-Service','','','10.0.0.54',0,0,''),(31,'80e0001a','35dac40927743090','iphone','','','10.0.222.222','2162163738','Wireless-802.11','2014-04-10 02:08:27','2014-04-10 03:49:24',6056,'','','',2533888,25935323,'hotspot1','B8:78:2E:76:A6:39','Lost-Service','','','10.0.0.54',0,0,''),(32,'80e0001f','8053ac15cfe22f26','iphone','','','10.0.222.222','2162163743','Wireless-802.11','2014-04-10 04:07:36','2014-04-10 04:09:56',140,'','','',13938,62847,'hotspot1','B8:78:2E:76:A6:39','User-Request','','','10.0.0.54',0,0,''),(33,'80e00020','df39f2c04f91142a','iphone','','','10.0.222.222','2162163744','Wireless-802.11','2014-04-10 04:12:00','2014-04-10 04:16:57',296,'','','',9804,28130,'hotspot1','B8:78:2E:76:A6:39','User-Request','','','10.0.0.54',0,0,''),(34,'80e00021','53b4ca6791297066','iphone','','','10.0.222.222','2162163745','Wireless-802.11','2014-04-10 04:17:12','2014-04-10 04:42:04',1491,'','','',41420,89635,'hotspot1','B8:78:2E:76:A6:39','Lost-Service','','','10.0.0.54',0,0,''),(35,'80e00022','47fbc71a54a9dc1e','iphone','','','10.0.222.222','2162163746','Wireless-802.11','2014-04-10 05:57:42','2014-04-10 07:21:28',5025,'','','',1299294,38689701,'hotspot1','B8:78:2E:76:A6:39','Lost-Service','','','10.0.0.54',0,0,''),(36,'80e00025','ae2272ceeca1656c','mi','','','10.0.222.222','2162163749','Wireless-802.11','2014-04-10 07:27:03','2014-04-10 07:59:44',1961,'','','',0,0,'hotspot1','D4:97:0B:60:AC:B1','','','','10.0.0.7',0,0,''),(37,'80f00001','11e46f7b942160cf','iphone','','','10.0.222.222','2163212289','Wireless-802.11','2014-04-10 08:01:04','2014-04-10 08:25:15',1451,'','','',221715,4362871,'hotspot1','B8:78:2E:76:A6:39','Lost-Service','','','10.0.0.54',0,0,''),(38,'80f00003','77c0340aae1d3f9c','iphone','','','10.0.222.222','2163212291','Wireless-802.11','2014-04-10 19:32:32','2014-04-10 19:51:23',1130,'','','',36559,255045,'hotspot1','B8:78:2E:76:A6:39','Lost-Service','','','10.0.0.54',0,0,''),(39,'80f00006','ee1caee3ff3f8238','acer','','','10.0.222.222','2163212294','Wireless-802.11','2014-04-10 20:04:42','2014-04-10 22:04:44',7200,'','','',3549512,126685493,'hotspot1','F0:F6:1C:98:F6:12','Session-Timeout','','','10.0.0.37',0,0,''),(40,'80f00009','5930dacc14bca786','iphone','','','10.0.222.222','2163212297','Wireless-802.11','2014-04-10 20:36:43','2014-04-10 21:06:26',1782,'','','',6503478,1302156,'hotspot1','B8:78:2E:76:A6:39','Lost-Service','','','10.0.0.54',0,0,''),(41,'80f0000d','e526b22710b46e34','iphone','','','10.0.222.222','2163212301','Wireless-802.11','2014-04-10 22:05:09','2014-04-10 22:36:40',1891,'','','',808985,3844572,'hotspot1','E0:9D:31:16:1C:30','Lost-Service','','','10.0.0.9',0,0,''),(42,'80f0000f','1911128fb691e682','iphone','','','10.0.222.222','2163212303','Wireless-802.11','2014-04-10 22:52:19','2014-04-11 00:52:21',7200,'','','',991201,6055785,'hotspot1','D4:97:0B:60:AC:B1','Session-Timeout','','','10.0.0.7',0,0,''),(43,'80f00012','2172b6f5859b0f34','mi','','','10.0.222.222','2163212306','Wireless-802.11','2014-04-10 23:46:03','2014-04-11 00:04:24',1101,'','','',169595,936921,'hotspot1','B8:78:2E:76:A6:39','Lost-Service','','','10.0.0.54',0,0,''),(44,'80f00013','9f31ed30ddbfda04','iphone','','','10.0.222.222','2163212307','Wireless-802.11','2014-04-11 06:11:46','2014-04-11 07:48:38',5811,'','','',2489967,55219238,'hotspot1','B8:78:2E:76:A6:39','Lost-Service','','','10.0.0.54',0,0,''),(45,'80f00015','53a3b0ca7fa55697','mi','','','10.0.222.222','2163212309','Wireless-802.11','2014-04-11 07:36:25','2014-04-11 08:06:23',1798,'','','',1866496,18674319,'hotspot1','84:38:35:64:3D:B6','Lost-Service','','','10.0.0.27',0,0,''),(46,'80f00018','8fd0f59c7a181d34','iphone','','','10.0.222.222','2163212312','Wireless-802.11','2014-04-11 19:48:28','2014-04-11 21:48:30',7200,'','','',717251,2499095,'hotspot1','B8:78:2E:76:A6:39','Session-Timeout','','','10.0.0.54',0,0,''),(47,'80f00019','0477e16b988c6de2','acer','','','10.0.222.222','2163212313','Wireless-802.11','2014-04-11 20:35:02','2014-04-11 21:49:42',4479,'','','',1174727,11424648,'hotspot1','D0:27:88:54:71:5D','Lost-Service','','','10.0.0.2',0,0,''),(48,'80f0001f','cd1f11825d9fd9dd','iphone','','','10.0.222.222','2163212319','Wireless-802.11','2014-04-11 22:10:02','2014-04-12 00:02:28',5843,'','','',21340115,1897779,'hotspot1','B8:78:2E:76:A6:39','Idle-Timeout','','','10.0.0.54',0,0,''),(49,'80f00020','c6adac01e27bf9cd','iphone','','','10.0.222.222','2163212320','Wireless-802.11','2014-04-12 02:14:32','2014-04-12 03:37:22',4068,'','','',13296365,38842717,'hotspot1','B8:78:2E:76:A6:39','Idle-Timeout','','','10.0.0.54',0,0,''),(50,'80f00022','1f8eb92ab9bc630c','mi','','','10.0.222.222','2163212322','Wireless-802.11','2014-04-12 05:52:39','2014-04-12 06:13:51',1271,'','','',1034782,48434435,'hotspot1','D4:97:0B:60:AC:B1','User-Request','','','10.0.0.7',0,0,''),(51,'80f00023','2efb1e1d57f708dd','mi','','','10.0.222.222','2163212323','Wireless-802.11','2014-04-12 06:14:13','2014-04-12 08:14:15',7200,'','','',452199,3955059,'hotspot1','D4:97:0B:60:AC:B1','Session-Timeout','','','10.0.0.7',0,0,''),(52,'80f00027','6e9d3a93b077a413','acer','','','10.0.222.222','2163212327','Wireless-802.11','2014-04-12 08:05:31','2014-04-12 08:32:32',1621,'','','',1498025,61271897,'hotspot1','84:38:35:64:3D:B6','Lost-Service','','','10.0.0.27',0,0,''),(53,'80f00028','949385b4ce6b9683','acer','','','10.0.222.222','2163212328','Wireless-802.11','2014-04-12 11:29:51','2014-04-12 12:59:20',5367,'','','',11755144,316818705,'hotspot1','84:38:35:64:3D:B6','Lost-Service','','','10.0.0.27',0,0,''),(54,'80f00029','0a22aa31965497ce','haodan','','','10.0.222.222','2163212329','Wireless-802.11','2014-04-12 11:52:52','2014-04-12 12:18:30',1538,'','','',391332,5614965,'hotspot1','58:55:CA:BF:D0:7B','Lost-Service','','','10.0.0.11',0,0,''),(55,'80f0002a','89d9993969d57c23','iphone','','','10.0.222.222','2163212330','Wireless-802.11','2014-04-12 13:12:18','2014-04-12 14:43:52',5493,'','','',1430460,56920893,'hotspot1','B8:78:2E:76:A6:39','Lost-Service','','','10.0.0.54',0,0,''),(56,'80f0002d','da653ae8f4853724','acer','','','10.0.222.222','2163212333','Wireless-802.11','2014-04-12 18:42:38','2014-04-12 20:42:40',7200,'','','',3047026000,9599612216,'hotspot1','D0:27:88:54:71:5D','Session-Timeout','','','10.0.0.2',0,0,''),(57,'80f0002e','a5e6348be5af3532','iphone','','','10.0.222.222','2163212334','Wireless-802.11','2014-04-12 20:16:56','2014-04-12 20:37:11',1215,'','','',67831,870882,'hotspot1','B8:78:2E:76:A6:39','Lost-Service','','','10.0.0.54',0,0,''),(58,'80f0002f','36e9e2e4c5fb1310','haodan','','','10.0.222.222','2163212335','Wireless-802.11','2014-04-12 20:28:09','2014-04-12 20:47:07',1138,'','','',135197,1205269,'hotspot1','58:55:CA:BF:D0:7B','Lost-Service','','','10.0.0.11',0,0,''),(59,'80f00031','07735ec0cec9c077','jinhuafeng','','','10.0.222.222','2163212337','Wireless-802.11','2014-04-12 20:59:42','2014-04-12 22:38:52',5948,'','','',3236350,11779263,'hotspot1','84:38:35:64:3D:B6','Lost-Service','','','10.0.0.27',0,0,''),(60,'80f00032','b2cfff146be1e6cc','acer','','','10.0.222.222','2163212338','Wireless-802.11','2014-04-12 21:11:34','2014-04-12 22:21:17',4182,'','','',45924966,1848160334,'hotspot1','D0:27:88:54:71:5D','User-Request','','','10.0.0.2',0,0,''),(61,'80f00034','64c015162ab37092','haodan','','','10.0.222.222','2163212340','Wireless-802.11','2014-04-12 21:16:19','2014-04-12 22:06:49',3029,'','','',320595,2912903,'hotspot1','58:55:CA:BF:D0:7B','Lost-Service','','','10.0.0.11',0,0,''),(62,'80f00035','1e82aeff3aa608b6','iphone','','','10.0.222.222','2163212341','Wireless-802.11','2014-04-12 22:08:14','2014-04-12 22:27:02',1128,'','','',59340,851552,'hotspot1','B8:78:2E:76:A6:39','Lost-Service','','','10.0.0.54',0,0,''),(63,'80f00036','fc85e827a9a16cb3','acer','','','10.0.222.222','2163212342','Wireless-802.11','2014-04-12 22:21:18','2014-04-12 22:26:01',282,'','','',2502761,91042598,'hotspot1','D0:27:88:54:71:5D','User-Request','','','10.0.0.2',0,0,''),(64,'80f00037','d8c9afa8cb31b63f','acer','','','10.0.222.222','2163212343','Wireless-802.11','2014-04-12 22:26:04','2014-04-15 05:58:39',199955,'','','',7136234105,365489519578,'hotspot1','D0:27:88:54:71:5D','','','','10.0.0.2',0,0,''),(65,'80f00038','c31e7df9a96e88bf','iphone','','','10.0.222.222','2163212344','Wireless-802.11','2014-04-12 22:30:43','2014-04-12 22:54:00',1397,'','','',668961,19825821,'hotspot1','B8:78:2E:76:A6:39','Lost-Service','','','10.0.0.54',0,0,''),(66,'80f0003b','d6aa6bc644ecb1df','iphone','','','10.0.222.222','2163212347','Wireless-802.11','2014-04-13 06:10:31','2014-04-13 06:57:09',2797,'','','',15288170,9990798,'hotspot1','B8:78:2E:76:A6:39','Lost-Service','','','10.0.0.54',0,0,''),(67,'80f0003d','c1cc0d1a70ab90c0','iphone','','','10.0.222.222','2163212349','Wireless-802.11','2014-04-13 07:27:36','2014-04-13 07:55:12',1656,'','','',541361964,17907714,'hotspot1','B8:78:2E:76:A6:39','Lost-Service','','','10.0.0.54',0,0,''),(68,'80f0003f','efdd709e58e89fe1','mi','','','10.0.222.222','2163212351','Wireless-802.11','2014-04-13 08:22:44','2014-04-13 10:22:46',7200,'','','',543239,1619066,'hotspot1','D4:97:0B:60:AC:B1','Session-Timeout','','','10.0.0.7',0,0,''),(69,'80f00040','977c044eb3aa0842','iphone','','','10.0.222.222','2163212352','Wireless-802.11','2014-04-13 09:57:20','2014-04-13 11:37:07',5985,'','','',650098,4331544,'hotspot1','B8:78:2E:76:A6:39','Lost-Service','','','10.0.0.54',0,0,''),(70,'80f00043','ee6f8679eeef0d2a','haodan','','','10.0.222.222','2163212355','Wireless-802.11','2014-04-13 10:47:51','2014-04-13 11:26:07',2296,'','','',3371333,43244630,'hotspot1','E0:9D:31:16:1C:30','Lost-Service','','','10.0.0.9',0,0,''),(71,'80f00044','1d83e6324a186a51','mi','','','10.0.222.222','2163212356','Wireless-802.11','2014-04-13 10:51:19','2014-04-13 12:51:21',7200,'','','',216807,208345,'hotspot1','D4:97:0B:60:AC:B1','Session-Timeout','','','10.0.0.7',0,0,''),(72,'80f00046','acbd6e9002e98282','haodan','','','10.0.222.222','2163212358','Wireless-802.11','2014-04-13 12:03:26','2014-04-13 12:28:46',1520,'','','',460296,1345154,'hotspot1','E0:9D:31:16:1C:30','Lost-Service','','','10.0.0.9',0,0,''),(73,'80f00048','936b703d0ff1dcc0','iphone','','','10.0.222.222','2163212360','Wireless-802.11','2014-04-13 13:08:01','2014-04-13 13:53:21',2720,'','','',1108655,38069296,'hotspot1','B8:78:2E:76:A6:39','Lost-Service','','','10.0.0.54',0,0,''),(74,'80f0004a','7a9d9bd567b06fa3','iphone','','','10.0.222.222','2163212362','Wireless-802.11','2014-04-13 13:55:01','2014-04-13 14:14:49',1188,'','','',153524,1986256,'hotspot1','B8:78:2E:76:A6:39','Lost-Service','','','10.0.0.54',0,0,''),(75,'80f0004b','e66487f6b4dcadc8','iphone','','','10.0.222.222','2163212363','Wireless-802.11','2014-04-13 15:52:13','2014-04-13 16:14:59',1365,'','','',1261234,25533460,'hotspot1','B8:78:2E:76:A6:39','Lost-Service','','','10.0.0.54',0,0,''),(76,'80f0004c','e2fe60a36d2e5b06','iphone','','','10.0.222.222','2163212364','Wireless-802.11','2014-04-13 16:17:18','2014-04-13 16:52:12',2094,'','','',156203,332775,'hotspot1','B8:78:2E:76:A6:39','Lost-Service','','','10.0.0.54',0,0,''),(77,'80f0004d','ad0a7048c575c3a0','iphone','','','10.0.222.222','2163212365','Wireless-802.11','2014-04-13 17:04:01','2014-04-13 17:26:07',1326,'','','',466925,37836304,'hotspot1','B8:78:2E:76:A6:39','Lost-Service','','','10.0.0.54',0,0,''),(78,'80f0004f','c4f4df23f08faa94','haodan','','','10.0.222.222','2163212367','Wireless-802.11','2014-04-13 20:00:02','2014-04-13 20:16:47',1005,'','','',61941,222369,'hotspot1','58:55:CA:BF:D0:7B','Lost-Service','','','10.0.0.11',0,0,''),(79,'80f00051','8a301c67f64164a8','haodan','','','10.0.222.222','2163212369','Wireless-802.11','2014-04-13 20:34:54','2014-04-13 21:00:57',1563,'','','',224407,2282268,'hotspot1','58:55:CA:BF:D0:7B','Lost-Service','','','10.0.0.11',0,0,''),(80,'80f00053','e0dd563e36c7e6a3','iphone','','','10.0.222.222','2163212371','Wireless-802.11','2014-04-14 01:41:26','2014-04-14 02:23:41',2535,'','','',1611904,35481831,'hotspot1','B8:78:2E:76:A6:39','Lost-Service','','','10.0.0.54',0,0,''),(81,'80f00054','44788a78a4ee74c5','iphone','','','10.0.222.222','2163212372','Wireless-802.11','2014-04-14 05:46:38','2014-04-14 06:00:18',820,'','','',106962,292299,'hotspot1','B8:78:2E:76:A6:39','Lost-Service','','','10.0.0.54',0,0,''),(82,'80f00055','d1b9bd4e82d639a8','iphone','','','10.0.222.222','2163212373','Wireless-802.11','2014-04-14 06:31:22','2014-04-14 06:56:57',1533,'','','',783667,13257537,'hotspot1','B8:78:2E:76:A6:39','Lost-Service','','','10.0.0.54',0,0,''),(83,'80f0005a','40ad7baed9591c23','haodan','','','10.0.222.222','2163212378','Wireless-802.11','2014-04-14 20:22:35','2014-04-14 21:04:01',2485,'','','',130634,12659809,'hotspot1','58:55:CA:BF:D0:7B','Lost-Service','','','10.0.0.11',0,0,''),(84,'80f0005b','3a8df707b3e4e459','mi','','','10.0.222.222','2163212379','Wireless-802.11','2014-04-14 20:24:27','2014-04-14 22:24:29',7200,'','','',333132,283043,'hotspot1','D4:97:0B:60:AC:B1','Session-Timeout','','','10.0.0.7',0,0,''),(85,'80f0005d','061df49aed497bfc','iphone','','','10.0.222.222','2163212381','Wireless-802.11','2014-04-14 20:26:35','2014-04-14 20:50:43',548,'','','',2074534,225224991,'hotspot1','B8:78:2E:76:A6:39','Idle-Timeout','','','10.0.0.113',0,0,''),(86,'80f0005f','0d9a0627a2bb6b96','iphone','','','10.0.222.222','2163212383','Wireless-802.11','2014-04-14 21:14:20','2014-04-14 21:38:29',1449,'','','',185822,8843560,'hotspot1','B8:78:2E:76:A6:39','Lost-Service','','','10.0.0.113',0,0,''),(87,'80f00061','4d8c6e7fd5e59eec','haodan','','','10.0.222.222','2163212385','Wireless-802.11','2014-04-14 21:26:15','2014-04-15 05:58:39',30744,'','','',4305201,23498317,'hotspot1','E0:9D:31:16:1C:30','','','','10.0.0.9',0,0,''),(88,'80f00062','d75711fa5c027142','iphone','','','10.0.222.222','2163212386','Wireless-802.11','2014-04-14 21:43:22','2014-04-15 05:58:39',29717,'','','',5659192,41258939,'hotspot1','B8:78:2E:76:A6:39','','','','10.0.0.113',0,0,''),(89,'80000000','d8f1e590332c9b9f','iphone','','','10.0.222.222','2147483648','Wireless-802.11','2014-04-15 05:58:55','2014-04-15 07:10:08',3371,'','','',1619018,50116846,'hotspot1','B8:78:2E:76:A6:39','Idle-Timeout','','','10.0.0.113',0,0,''),(90,'80000002','3b2764b8f75b66e3','acer','','','10.0.222.222','2147483650','Wireless-802.11','2014-04-15 07:05:48','2014-04-17 08:48:47',178971,'','','',8403715560,440830030070,'hotspot1','D0:27:88:54:71:5D','Lost-Service','','','10.0.0.2',0,0,''),(91,'80000003','172cd098b3c023cb','mi','','','10.0.222.222','2147483651','Wireless-802.11','2014-04-15 07:27:29','2014-04-15 09:27:29',7200,'','','',232455,143499,'hotspot1','D4:97:0B:60:AC:B1','Session-Timeout','','','10.0.0.7',0,0,''),(92,'80000005','e9b230979fe48733','iphone','','','10.0.222.222','2147483653','Wireless-802.11','2014-04-15 08:20:17','2014-04-15 08:30:53',636,'','','',187563,4474850,'hotspot1','B8:78:2E:76:A6:39','Lost-Service','','','10.0.0.113',0,0,''),(93,'80000007','7c16ece2fa0619d7','iphone','','','10.0.222.222','2147483655','Wireless-802.11','2014-04-15 21:02:56','2014-04-15 21:54:45',3109,'','','',75230,889711,'hotspot1','B8:78:2E:76:A6:39','Lost-Service','','','10.0.0.40',0,0,''),(94,'8000000b','9bb4ca6b5089394a','haodan','','','10.0.222.222','2147483659','Wireless-802.11','2014-04-15 21:18:34','2014-04-17 12:44:56',141976,'','','',15628473,622872671,'hotspot1','F0:F6:1C:98:F6:12','Lost-Service','','','10.0.0.37',0,0,''),(95,'8000000d','2f31e86f31ba0010','iphone','','','10.0.222.222','2147483661','Wireless-802.11','2014-04-15 22:00:30','2014-04-15 22:30:22',1792,'','','',167646,376796,'hotspot1','B8:78:2E:76:A6:39','Lost-Service','','','10.0.0.40',0,0,''),(96,'80000011','329826b8adc5264b','mi','','','10.0.222.222','2147483665','Wireless-802.11','2014-04-15 22:03:31','2014-04-15 22:29:58',1587,'','','',827899,31862980,'hotspot1','D4:97:0B:60:AC:B1','Lost-Service','','','10.0.0.7',0,0,''),(97,'80000015','34faf31cc8abba91','iphone','','','10.0.222.222','2147483669','Wireless-802.11','2014-04-15 23:15:10','2014-04-16 01:15:10',7200,'','','',1006921,38780696,'hotspot1','B8:78:2E:76:A6:39','Session-Timeout','','','10.0.0.40',0,0,''),(98,'80000016','16e685b36cedf16e','iphone','','','10.0.222.222','2147483670','Wireless-802.11','2014-04-16 05:36:38','2014-04-16 07:21:43',5403,'','','',1526360,21706192,'hotspot1','B8:78:2E:76:A6:39','Idle-Timeout','','','10.0.0.40',0,0,''),(99,'80000019','d1b4c7f530f718f8','iphone','','','10.0.222.222','2147483673','Wireless-802.11','2014-04-16 07:38:33','2014-04-16 08:00:18',405,'','','',762235,26038688,'hotspot1','B8:78:2E:76:A6:39','Idle-Timeout','','','10.0.0.40',0,0,''),(100,'8000001a','1db7361337375e53','iphone','','','10.0.222.222','2147483674','Wireless-802.11','2014-04-16 08:10:46','2014-04-16 08:28:34',1068,'','','',8520381,1742799,'hotspot1','B8:78:2E:76:A6:39','Lost-Service','','','10.0.0.40',0,0,''),(101,'8000001e','b9e75935f9745059','iphone','','','10.0.222.222','2147483678','Wireless-802.11','2014-04-16 20:26:00','2014-04-16 20:44:55',1135,'','','',1229637,49627937,'hotspot1','B8:78:2E:76:A6:39','Lost-Service','','','10.0.0.79',0,0,''),(102,'80000022','91cac0dd88f84136','iphone','','','10.0.222.222','2147483682','Wireless-802.11','2014-04-16 22:33:53','2014-04-16 22:57:59',1446,'','','',2743535,1003495,'hotspot1','B8:78:2E:76:A6:39','Lost-Service','','','10.0.0.79',0,0,''),(103,'80000023','6e10f463f439a86c','iphone','','','10.0.222.222','2147483683','Wireless-802.11','2014-04-16 23:06:09','2014-04-16 23:30:00',1431,'','','',587442,7785878,'hotspot1','B8:78:2E:76:A6:39','Lost-Service','','','10.0.0.79',0,0,''),(104,'80000026','230e7ffc1f89bf75','iphone','','','10.0.222.222','2147483686','Wireless-802.11','2014-04-17 06:36:16','2014-04-17 07:18:15',2519,'','','',697096,17884750,'hotspot1','B8:78:2E:76:A6:39','Lost-Service','','','10.0.0.79',0,0,''),(105,'80000028','20870d5937e5f541','iphone','','','10.0.222.222','2147483688','Wireless-802.11','2014-04-17 20:25:15','2014-04-17 20:43:56',1121,'','','',120421,12172463,'hotspot1','B8:78:2E:76:A6:39','Lost-Service','','','10.0.0.128',0,0,''),(106,'80000029','5a6e7487a8a407f1','acer','','','10.0.222.222','2147483689','Wireless-802.11','2014-04-17 20:30:17','2014-04-18 06:43:31',36793,'','','',74832753,3452616224,'hotspot1','D0:27:88:54:71:5D','Lost-Service','','','10.0.0.2',0,0,''),(107,'8000002d','71e832f9364f1b29','iphone','','','10.0.222.222','2147483693','Wireless-802.11','2014-04-17 22:15:46','2014-04-17 23:28:59',4392,'','','',1326846,18443796,'hotspot1','B8:78:2E:76:A6:39','Lost-Service','','','10.0.0.128',0,0,''),(108,'8000002e','3d9da00bcce3235c','huafeng','','','10.0.222.222','2147483694','Wireless-802.11','2014-04-17 22:49:30','2014-04-17 23:45:50',3380,'','','',9443858,68685416,'hotspot1','84:38:35:64:3D:B6','Lost-Service','','','10.0.0.27',0,0,''),(109,'8000002f','c85e41a3a96f3843','iphone','','','10.0.222.222','2147483695','Wireless-802.11','2014-04-17 23:36:58','2014-04-18 00:22:53',1853,'','','',3527902,174568815,'hotspot1','B8:78:2E:76:A6:39','Idle-Timeout','','','10.0.0.128',0,0,''),(110,'80000030','410a7c9697ea4aa9','iphone','','','10.0.222.222','2147483696','Wireless-802.11','2014-04-18 06:25:46','2014-04-18 06:59:12',1105,'','','',150129,752620,'hotspot1','B8:78:2E:76:A6:39','Idle-Timeout','','','10.0.0.128',0,0,''),(111,'80000032','dbfba2bfe5417694','acer','','','10.0.222.222','2147483698','Wireless-802.11','2014-04-18 20:56:27','2014-04-18 21:23:59',1652,'','','',845826,6433101,'hotspot1','D0:27:88:54:71:5D','Lost-Service','','','10.0.0.2',0,0,''),(112,'80000033','2b09fce486db0ac0','iphone','','','10.0.222.222','2147483699','Wireless-802.11','2014-04-18 21:06:22','2014-04-18 21:27:20',1259,'','','',6985201,553738,'hotspot1','B8:78:2E:76:A6:39','Lost-Service','','','10.0.0.148',0,0,''),(113,'80000034','08b685d455983942','haodan','','','10.0.222.222','2147483700','Wireless-802.11','2014-04-18 23:04:59','2014-04-19 01:35:51',9052,'','','',20709438,252215906,'hotspot1','E0:9D:31:16:1C:30','Lost-Service','','','10.0.0.9',0,0,''),(114,'80000035','2c8731cf12fdd6e5','iphone','','','10.0.222.222','2147483701','Wireless-802.11','2014-04-19 04:22:37','2014-04-19 05:55:56',5599,'','','',3922773,133881487,'hotspot1','B8:78:2E:76:A6:39','Lost-Service','','','10.0.0.148',0,0,''),(115,'80000036','2ff493aed169a201','iphone','','','10.0.222.222','2147483702','Wireless-802.11','2014-04-19 06:29:58','2014-04-19 06:54:47',1489,'','','',168142,1899539,'hotspot1','B8:78:2E:76:A6:39','Lost-Service','','','10.0.0.148',0,0,''),(116,'80000038','cbd064cf945d76f5','iphone','','','10.0.222.222','2147483704','Wireless-802.11','2014-04-19 07:19:32','2014-04-19 07:32:59',807,'','','',22012,40894,'hotspot1','B8:78:2E:76:A6:39','Lost-Service','','','10.0.0.148',0,0,''),(117,'80000039','55a1eba883e172e5','iphone','','','10.0.222.222','2147483705','Wireless-802.11','2014-04-19 07:47:56','2014-04-19 08:26:25',2309,'','','',20275014,14472934,'hotspot1','B8:78:2E:76:A6:39','Lost-Service','','','10.0.0.148',0,0,''),(118,'8000003a','8bfd087155f4294e','haodan','','','10.0.222.222','2147483706','Wireless-802.11','2014-04-19 08:20:54','2014-04-19 08:48:15',1641,'','','',165813,1101757,'hotspot1','58:55:CA:BF:D0:7B','Lost-Service','','','10.0.0.11',0,0,''),(119,'8000003c','4c492a4fff95e43b','iphone','','','10.0.222.222','2147483708','Wireless-802.11','2014-04-19 08:41:44','2014-04-19 08:54:51',787,'','','',77034,531843,'hotspot1','B8:78:2E:76:A6:39','Lost-Service','','','10.0.0.148',0,0,''),(120,'8000003d','20bd60e648a045fe','iphone','','','10.0.222.222','2147483709','Wireless-802.11','2014-04-19 08:59:28','2014-04-19 09:31:57',1949,'','','',318557,3228346,'hotspot1','B8:78:2E:76:A6:39','Lost-Service','','','10.0.0.148',0,0,''),(121,'8000003f','76e0b849cd9c4c1e','jinhuafeng','','','10.0.222.222','2147483711','Wireless-802.11','2014-04-19 10:13:33','2014-04-19 10:36:41',1388,'','','',2386990,22764167,'hotspot1','84:38:35:64:3D:B6','Lost-Service','','','10.0.0.27',0,0,''),(122,'80000040','07edcbfea5ed991c','mi','','','10.0.222.222','2147483712','Wireless-802.11','2014-04-19 10:40:51','2014-04-19 12:40:51',7200,'','','',326541,230028,'hotspot1','D4:97:0B:60:AC:B1','Session-Timeout','','','10.0.0.7',0,0,''),(123,'80000041','bb3c8342e0eab8bd','huafeng','','','10.0.222.222','2147483713','Wireless-802.11','2014-04-19 10:42:55','2014-04-19 11:46:04',3789,'','','',7081262,589546259,'hotspot1','84:38:35:64:3D:B6','Lost-Service','','','10.0.0.27',0,0,''),(124,'80000042','3cb38949f0a47ee4','iphone','','','10.0.222.222','2147483714','Wireless-802.11','2014-04-19 10:56:15','2014-04-19 11:10:37',861,'','','',2371551,280883,'hotspot1','B8:78:2E:76:A6:39','Lost-Service','','','10.0.0.148',0,0,''),(125,'80000043','2f5075afc97dc53e','iphone','','','10.0.222.222','2147483715','Wireless-802.11','2014-04-19 11:57:35','2014-04-19 12:09:56',741,'','','',62256,206497,'hotspot1','B8:78:2E:76:A6:39','Lost-Service','','','10.0.0.148',0,0,''),(126,'80000044','d7f9e4e2f2b2a133','iphone','','','10.0.222.222','2147483716','Wireless-802.11','2014-04-19 12:22:59','2014-04-19 13:34:46',4307,'','','',2130279,44469474,'hotspot1','B8:78:2E:76:A6:39','Lost-Service','','','10.0.0.148',0,0,''),(127,'80000045','295386a1770d977c','jinhuafeng','','','10.0.222.222','2147483717','Wireless-802.11','2014-04-19 13:39:38','2014-04-19 15:39:38',7200,'','','',3813027,8573761,'hotspot1','84:38:35:64:3D:B6','Session-Timeout','','','10.0.0.27',0,0,''),(128,'80000046','51349da5fb6f231d','acer','','','10.0.222.222','2147483718','Wireless-802.11','2014-04-19 15:29:05','2014-04-20 02:59:23',41416,'','','',2034862627,364159076,'hotspot1','D0:27:88:54:71:5D','Lost-Service','','','10.0.0.2',0,0,''),(129,'80000047','c01afce459ee0e05','jinhuafeng','','','10.0.222.222','2147483719','Wireless-802.11','2014-04-19 15:44:37','2014-04-19 16:41:03',2483,'','','',982058,11895813,'hotspot1','84:38:35:64:3D:B6','Idle-Timeout','','','10.0.0.27',0,0,''),(130,'80000048','023f3845213cee28','iphone','','','10.0.222.222','2147483720','Wireless-802.11','2014-04-19 17:05:01','2014-04-19 17:46:04',2462,'','','',476842,9989925,'hotspot1','B8:78:2E:76:A6:39','Lost-Service','','','10.0.0.148',0,0,''),(131,'80000049','db4afff1c10d20b7','mi','','','10.0.222.222','2147483721','Wireless-802.11','2014-04-19 17:26:22','2014-04-19 18:11:54',2732,'','','',935696,5564457,'hotspot1','D4:97:0B:60:AC:B1','Lost-Service','','','10.0.0.7',0,0,''),(132,'8000004a','230e0ed6e36c39df','jinhuafeng','','','10.0.222.222','2147483722','Wireless-802.11','2014-04-19 17:28:55','2014-04-19 17:59:26',1832,'','','',2263646,17710610,'hotspot1','84:38:35:64:3D:B6','Lost-Service','','','10.0.0.27',0,0,''),(133,'8000004b','877408d230e6ab84','iphone','','','10.0.222.222','2147483723','Wireless-802.11','2014-04-19 17:53:18','2014-04-19 18:19:01',1543,'','','',28534,58243,'hotspot1','B8:78:2E:76:A6:39','Lost-Service','','','10.0.0.148',0,0,''),(134,'8000004c','0acd5e84e3c8262a','jinhuafeng','','','10.0.222.222','2147483724','Wireless-802.11','2014-04-19 18:09:11','2014-04-19 20:00:29',6678,'','','',7523032,69440811,'hotspot1','84:38:35:64:3D:B6','Lost-Service','','','10.0.0.27',0,0,''),(135,'8000004d','db353ca1ecef588b','haodan','','','10.0.222.222','2147483725','Wireless-802.11','2014-04-19 19:00:57','2014-04-19 19:50:57',3000,'','','',1613136,65790252,'hotspot1','58:55:CA:BF:D0:7B','Lost-Service','','','10.0.0.11',0,0,''),(136,'80000051','253493c2c83a9214','haodan','','','10.0.222.222','2147483729','Wireless-802.11','2014-04-19 19:53:13','2014-04-19 20:36:17',2584,'','','',829428,33484376,'hotspot1','58:55:CA:BF:D0:7B','Lost-Service','','','10.0.0.11',0,0,''),(137,'80000052','2f72dde4944a441f','iphone','','','10.0.222.222','2147483730','Wireless-802.11','2014-04-19 19:53:39','2014-04-19 20:50:53',3434,'','','',10840804,15702019,'hotspot1','B8:78:2E:76:A6:39','Lost-Service','','','10.0.0.148',0,0,''),(138,'80000056','10478d20fab07fba','iphone','','','10.0.222.222','2147483734','Wireless-802.11','2014-04-19 20:55:02','2014-04-19 21:52:55',3473,'','','',1896538,73254752,'hotspot1','B8:78:2E:76:A6:39','Lost-Service','','','10.0.0.148',0,0,''),(139,'80000057','912c7096017bbbbc','iphone','','','10.0.222.222','2147483735','Wireless-802.11','2014-04-19 22:08:30','2014-04-19 22:46:58',2309,'','','',499293,7455651,'hotspot1','B8:78:2E:76:A6:39','Lost-Service','','','10.0.0.148',0,0,''),(140,'8000005c','f3a68dfd28b08c9f','iphone','','','10.0.222.222','2147483740','Wireless-802.11','2014-04-20 07:20:01','2014-04-20 08:19:27',3566,'','','',1400843,37958634,'hotspot1','B8:78:2E:76:A6:39','Lost-Service','','','10.0.0.148',0,0,''),(141,'8000005d','365f673c1afae515','jinhuafeng','','','10.0.222.222','2147483741','Wireless-802.11','2014-04-20 08:47:12','2014-04-20 09:46:42',3570,'','','',1948076,1739693,'hotspot1','84:38:35:64:3D:B6','Lost-Service','','','10.0.0.27',0,0,''),(142,'8000005e','bd921607b8e40fc9','haodan','','','10.0.222.222','2147483742','Wireless-802.11','2014-04-20 09:11:38','2014-04-20 09:26:08',870,'','','',1150327,4334895,'hotspot1','E0:9D:31:16:1C:30','Lost-Service','','','10.0.0.9',0,0,''),(143,'8000005f','1a18a39c87c53984','acer','','','10.0.222.222','2147483743','Wireless-802.11','2014-04-20 09:32:34','2014-04-20 09:40:49',495,'','','',274429,1762795,'hotspot1','D0:27:88:54:71:5D','User-Request','','','10.0.0.2',0,0,''),(144,'80000060','7642eb50a2894b69','acer','','','10.0.222.222','2147483744','Wireless-802.11','2014-04-20 09:40:51','2014-04-20 21:46:12',43519,'','','',7700006835,40533061,'hotspot1','D0:27:88:54:71:5D','Lost-Service','','','10.0.0.2',0,0,''),(145,'80000061','8a6b45bd574c284f','jinhuafeng','','','10.0.222.222','2147483745','Wireless-802.11','2014-04-20 09:47:16','2014-04-20 09:57:45',630,'','','',31912,86856,'hotspot1','84:38:35:64:3D:B6','Lost-Service','','','10.0.0.27',0,0,''),(146,'80000063','076d8aa94197a97d','huafeng','','','10.0.222.222','2147483747','Wireless-802.11','2014-04-20 09:48:13','2014-04-20 10:40:19',3125,'','','',1338564,1280468,'hotspot1','84:38:35:64:3D:B6','Lost-Service','','','10.0.0.170',0,0,''),(147,'80000064','b203ccc037a06e9e','iphone','','','10.0.222.222','2147483748','Wireless-802.11','2014-04-20 09:52:40','2014-04-20 11:52:40',7200,'','','',2007506,57273478,'hotspot1','B8:78:2E:76:A6:39','Session-Timeout','','','10.0.0.148',0,0,''),(148,'80000065','d2cb73137ee2e8d4','jinhuafeng','','','10.0.222.222','2147483749','Wireless-802.11','2014-04-20 10:45:45','2014-04-20 11:53:00',4036,'','','',1941411,1226074,'hotspot1','84:38:35:64:3D:B6','Lost-Service','','','10.0.0.170',0,0,''),(149,'80000066','4d7239a6c197990d','mi','','','10.0.222.222','2147483750','Wireless-802.11','2014-04-20 11:13:37','2014-04-20 12:12:45',3549,'','','',1187309,40170107,'hotspot1','D4:97:0B:60:AC:B1','Lost-Service','','','10.0.0.7',0,0,''),(150,'80000067','67a8d073c48929ac','iphone','','','10.0.222.222','2147483751','Wireless-802.11','2014-04-20 13:24:17','2014-04-20 14:14:54',3037,'','','',2005632,68172998,'hotspot1','B8:78:2E:76:A6:39','Lost-Service','','','10.0.0.148',0,0,''),(151,'80000068','d1ee93a521a28a8e','jinhuafeng','','','10.0.222.222','2147483752','Wireless-802.11','2014-04-20 14:04:32','2014-04-20 14:19:57',925,'','','',1135614,22593019,'hotspot1','84:38:35:64:3D:B6','Lost-Service','','','10.0.0.170',0,0,''),(152,'80000069','205485471f596609','jinhuafeng','','','10.0.222.222','2147483753','Wireless-802.11','2014-04-20 14:38:42','2014-04-20 16:02:07',5005,'','','',5946928,59658507,'hotspot1','84:38:35:64:3D:B6','Lost-Service','','','10.0.0.170',0,0,''),(153,'8000006a','2ce9a699c1f1284d','jinhuafeng','','','10.0.222.222','2147483754','Wireless-802.11','2014-04-20 16:36:14','2014-04-20 17:48:41',4347,'','','',5469573,31252129,'hotspot1','84:38:35:64:3D:B6','Lost-Service','','','10.0.0.170',0,0,''),(154,'8000006b','911e8d8e00f158e9','iphone','','','10.0.222.222','2147483755','Wireless-802.11','2014-04-20 16:59:33','2014-04-20 17:12:06',752,'','','',443302,48622757,'hotspot1','B8:78:2E:76:A6:39','Lost-Service','','','10.0.0.148',0,0,''),(155,'8000006c','29d24332a6b069ec','iphone','','','10.0.222.222','2147483756','Wireless-802.11','2014-04-20 17:32:43','2014-04-20 17:45:23',760,'','','',22086,31997,'hotspot1','B8:78:2E:76:A6:39','Lost-Service','','','10.0.0.148',0,0,''),(156,'8000006d','3bcf36b3a9dbf8db','iphone','','','10.0.222.222','2147483757','Wireless-802.11','2014-04-20 18:15:29','2014-04-20 18:30:07',877,'','','',28629,326256,'hotspot1','B8:78:2E:76:A6:39','Lost-Service','','','10.0.0.148',0,0,''),(157,'8000006e','8756cccc2a4abb72','iphone','','','10.0.222.222','2147483758','Wireless-802.11','2014-04-20 18:48:31','2014-04-20 19:01:28',777,'','','',81664,858019,'hotspot1','B8:78:2E:76:A6:39','Lost-Service','','','10.0.0.148',0,0,''),(158,'8000006f','1cda23d1733ad2ff','iphone','','','10.0.222.222','2147483759','Wireless-802.11','2014-04-20 20:05:46','2014-04-20 21:46:19',6032,'','','',5944437,5574193,'hotspot1','B8:78:2E:76:A6:39','Lost-Service','','','10.0.0.148',0,0,''),(159,'80000070','3655db33ba7cc7fc','jinhuafeng','','','10.0.222.222','2147483760','Wireless-802.11','2014-04-20 20:42:29','2014-04-20 21:19:42',2233,'','','',1821376,11443062,'hotspot1','84:38:35:64:3D:B6','Lost-Service','','','10.0.0.170',0,0,''),(160,'80000071','6a6160541b1b2c07','iphone','','','10.0.222.222','2147483761','Wireless-802.11','2014-04-20 22:51:08','2014-04-20 23:43:16',3129,'','','',1472803,26622447,'hotspot1','B8:78:2E:76:A6:39','Lost-Service','','','10.0.0.148',0,0,''),(161,'80000073','ca1027a2df2862a5','iphone','','','10.0.222.222','2147483763','Wireless-802.11','2014-04-21 02:05:08','2014-04-21 02:27:25',1337,'','','',290960,1185174,'hotspot1','B8:78:2E:76:A6:39','Lost-Service','','','10.0.0.148',0,0,''),(162,'80000074','8ad582d7937ecad1','iphone','','','10.0.222.222','2147483764','Wireless-802.11','2014-04-21 06:35:40','2014-04-21 06:51:22',942,'','','',73486,238872,'hotspot1','B8:78:2E:76:A6:39','Lost-Service','','','10.0.0.148',0,0,''),(163,'80000075','3481de0053d5c541','iphone','','','10.0.222.222','2147483765','Wireless-802.11','2014-04-21 06:55:00','2014-04-21 07:18:21',1400,'','','',98195,633409,'hotspot1','B8:78:2E:76:A6:39','Lost-Service','','','10.0.0.148',0,0,''),(164,'80000076','c36f6c0f2ad02e51','iphone','','','10.0.222.222','2147483766','Wireless-802.11','2014-04-21 07:21:23','2014-04-21 07:36:24',902,'','','',97755,500826,'hotspot1','B8:78:2E:76:A6:39','Lost-Service','','','10.0.0.148',0,0,''),(165,'80000077','815853b196bb2304','iphone','','','10.0.222.222','2147483767','Wireless-802.11','2014-04-21 07:44:58','2014-04-21 20:50:32',47134,'','','',618207,62563210,'hotspot1','B8:78:2E:76:A6:39','','','','10.0.0.148',0,0,''),(166,'80000078','34686d7830e8136b','jinhuafeng','','','10.0.222.222','2147483768','Wireless-802.11','2014-04-21 08:13:06','2014-04-21 20:50:32',45446,'','','',0,0,'hotspot1','84:38:35:64:3D:B6','','','','10.0.0.170',0,0,''),(167,'80100000','de899574691a378f','jinhuafeng','','','10.0.222.222','2148532224','Wireless-802.11','2014-04-21 20:51:29','2014-04-21 21:53:14',3704,'','','',2182352,9826705,'hotspot1','84:38:35:64:3D:B6','Lost-Service','','','10.0.0.170',0,0,''),(168,'80100001','fad079d2b43da2cd','iphone','','','10.0.222.222','2148532225','Wireless-802.11','2014-04-21 21:52:03','2014-04-21 22:02:10',608,'','','',3957,8014,'hotspot1','B8:78:2E:76:A6:39','Lost-Service','','','10.0.0.17',0,0,''),(169,'80100002','96c8e24c5a265d74','jinhuafeng','','','10.0.222.222','2148532226','Wireless-802.11','2014-04-21 22:20:27','2014-04-21 22:56:14',2147,'','','',3657215,97675527,'hotspot1','84:38:35:64:3D:B6','Lost-Service','','','10.0.0.170',0,0,''),(170,'80100003','1689649681f9893a','iphone','','','10.0.222.222','2148532227','Wireless-802.11','2014-04-21 22:22:05','2014-04-21 22:42:12',1207,'','','',40409,47727,'hotspot1','B8:78:2E:76:A6:39','Lost-Service','','','10.0.0.28',0,0,''),(171,'80100004','de87db60d7572791','iphone','','','10.0.222.222','2148532228','Wireless-802.11','2014-04-22 05:31:39','2014-04-22 06:11:49',2410,'','','',875150,12729852,'hotspot1','B8:78:2E:76:A6:39','','','','10.0.0.28',0,0,''),(172,'80200000','c3c226d6a913dc4e','iphone','','','10.0.222.222','2149580800','Wireless-802.11','2014-04-22 06:11:57','2014-04-22 06:49:16',2239,'','','',592769069,29683652,'hotspot1','B8:78:2E:76:A6:39','Lost-Service','','','10.0.0.28',0,0,''),(173,'80200001','2d07eec27b6e2821','jinhuafeng','','','10.0.222.222','2149580801','Wireless-802.11','2014-04-22 06:14:32','2014-04-22 06:32:36',1084,'','','',676849,4842541,'hotspot1','84:38:35:64:3D:B6','Lost-Service','','','10.0.0.170',0,0,''),(174,'80200002','43c9a4de3b93c9a5','jinhuafeng','','','10.0.222.222','2149580802','Wireless-802.11','2014-04-22 08:00:33','2014-04-22 19:32:20',41507,'','','',2081864,15796566,'hotspot1','84:38:35:64:3D:B6','','','','10.0.0.170',0,0,''),(175,'80300004','7c3ead30707bbe1b','iphone','','','10.0.222.222','2150629380','Wireless-802.11','2014-04-22 19:33:44','2014-04-22 19:52:48',1144,'','','',40341,772424,'hotspot1','B8:78:2E:76:A6:39','Lost-Service','','','10.0.0.10',0,0,''),(176,'80300005','fdb328ada5371d12','mi','','','10.0.222.222','2150629381','Wireless-802.11','2014-04-22 20:18:32','2014-04-22 22:18:32',7200,'','','',3489654,171160264,'hotspot1','D4:97:0B:60:AC:B1','Session-Timeout','','','10.0.0.7',0,0,''),(177,'80300006','9e2b0aeb24b63ca4','iphone','','','10.0.222.222','2150629382','Wireless-802.11','2014-04-22 20:53:10','2014-04-22 22:53:10',7200,'','','',39892600,29474461,'hotspot1','B8:78:2E:76:A6:39','Session-Timeout','','','10.0.0.10',0,0,''),(178,'80300007','27101fa3361c61e2','jinhuafeng','','','10.0.222.222','2150629383','Wireless-802.11','2014-04-22 21:19:22','2014-04-22 22:02:43',2601,'','','',1594308,7611015,'hotspot1','84:38:35:64:3D:B6','Lost-Service','','','10.0.0.170',0,0,''),(179,'80300008','31a8d4a5dfc651d4','iphone','','','10.0.222.222','2150629384','Wireless-802.11','2014-04-22 22:59:04','2014-04-22 23:50:53',3108,'','','',11100304,109731318,'hotspot1','B8:78:2E:76:A6:39','Lost-Service','','','10.0.0.10',0,0,''),(180,'80300009','ab85eda1045e3e0f','iphone','','','10.0.222.222','2150629385','Wireless-802.11','2014-04-23 02:07:28','2014-04-23 02:53:18',2751,'','','',1425671,28843204,'hotspot1','B8:78:2E:76:A6:39','Lost-Service','','','10.0.0.10',0,0,''),(181,'8030000a','c0332de6a3f59917','iphone','','','10.0.222.222','2150629386','Wireless-802.11','2014-04-23 06:13:53','2014-04-23 06:34:56',1263,'','','',765135,20906951,'hotspot1','B8:78:2E:76:A6:39','Lost-Service','','','10.0.0.10',0,0,''),(182,'8030000b','b627203626e72ee0','iphone','','','10.0.222.222','2150629387','Wireless-802.11','2014-04-23 06:43:48','2014-04-23 07:18:37',2089,'','','',881873,8684873,'hotspot1','B8:78:2E:76:A6:39','Lost-Service','','','10.0.0.10',0,0,''),(183,'8030000d','2794fd3a56ad9c9e','jinhuafeng','','','10.0.222.222','2150629389','Wireless-802.11','2014-04-23 07:50:03','2014-04-23 08:28:53',2330,'','','',6792177,126137681,'hotspot1','84:38:35:64:3D:B6','Lost-Service','','','10.0.0.170',0,0,''),(184,'8030000e','3721870a37136108','iphone','','','10.0.222.222','2150629390','Wireless-802.11','2014-04-23 07:51:40','2014-04-23 08:12:36',1255,'','','',6858,26668,'hotspot1','B8:78:2E:76:A6:39','Lost-Service','','','10.0.0.10',0,0,''),(185,'8030000f','4ef9daccbd230fe1','jinhuafeng','','','10.0.222.222','2150629391','Wireless-802.11','2014-04-23 19:54:49','2014-04-23 20:19:49',599,'','','',1440005,18021265,'hotspot1','84:38:35:64:3D:B6','Idle-Timeout','','','10.0.0.170',0,0,''),(186,'80300010','d0207f5ad4f9c857','jinhuafeng','','','10.0.222.222','2150629392','Wireless-802.11','2014-04-23 20:30:05','2014-04-23 20:53:29',504,'','','',2571133,18288114,'hotspot1','84:38:35:64:3D:B6','Idle-Timeout','','','10.0.0.170',0,0,''),(187,'80300011','b488be954b1ed707','haodan','','','10.0.222.222','2150629393','Wireless-802.11','2014-04-23 20:39:28','2014-04-24 14:53:36',65651,'','','',21151680,875139332,'hotspot1','F0:F6:1C:98:F6:12','Lost-Service','','','10.0.0.171',0,0,''),(188,'80300013','fd38edc0f952c4ca','iphone','','','10.0.222.222','2150629395','Wireless-802.11','2014-04-23 22:41:09','2014-04-23 23:13:02',1914,'','','',835667,28257408,'hotspot1','B8:78:2E:76:A6:39','Lost-Service','','','10.0.0.10',0,0,''),(189,'80300014','1c64e8cfe4f68132','iphone','','','10.0.222.222','2150629396','Wireless-802.11','2014-04-24 05:23:30','2014-04-24 07:23:30',7200,'','','',2736742,31228088,'hotspot1','B8:78:2E:76:A6:39','Session-Timeout','','','10.0.0.10',0,0,''),(190,'80300015','efef24590c8ab9da','iphone','','','10.0.222.222','2150629397','Wireless-802.11','2014-04-24 07:55:31','2014-04-24 08:31:24',2153,'','','',60223,275799,'hotspot1','B8:78:2E:76:A6:39','Lost-Service','','','10.0.0.10',0,0,''),(191,'80300017','b03a2e7866241062','haodan','','','10.0.222.222','2150629399','Wireless-802.11','2014-04-24 21:09:32','2014-04-24 22:08:11',3519,'','','',8794587,427387484,'hotspot1','F0:F6:1C:98:F6:12','Lost-Service','','','10.0.0.171',0,0,''),(192,'80300018','52542bf4e4f506b0','iphone','','','10.0.222.222','2150629400','Wireless-802.11','2014-04-24 22:59:51','2014-04-25 00:59:51',7200,'','','',101028516,74790058,'hotspot1','B8:78:2E:76:A6:39','Session-Timeout','','','10.0.0.10',0,0,''),(193,'8030001b','87f2dc90740c4577','haodan','','','10.0.222.222','2150629403','Wireless-802.11','2014-04-25 05:22:32','2014-04-25 06:45:31',4979,'','','',4756548,141627540,'hotspot1','F0:F6:1C:98:F6:12','Lost-Service','','','10.0.0.171',0,0,''),(194,'8030001f','cf7370d51f66e6ee','haodan','','','10.0.222.222','2150629407','Wireless-802.11','2014-04-25 21:00:48','2014-04-25 21:40:52',2404,'','','',2518900,71850001,'hotspot1','F0:F6:1C:98:F6:12','Lost-Service','','','10.0.0.171',0,0,''),(195,'80300021','a21d86e282ce8649','haodan','','','10.0.222.222','2150629409','Wireless-802.11','2014-04-25 21:45:13','2014-05-04 20:44:01',773928,'','','',11205767,475756192,'hotspot1','F0:F6:1C:98:F6:12','','','','10.0.0.171',0,0,''),(196,'80300022','3ba915f7df880084','jinhuafeng','','','10.0.222.222','2150629410','Wireless-802.11','2014-04-25 21:48:56','2014-04-25 23:48:55',7200,'','','',8140186,93594707,'hotspot1','84:38:35:64:3D:B6','Session-Timeout','','','10.0.0.170',0,0,''),(197,'80300025','0bd529aa54aa8d9c','mi','','','10.0.222.222','2150629413','Wireless-802.11','2014-04-25 23:09:08','2014-04-26 01:09:08',7200,'','','',4432774,280256309,'hotspot1','D4:97:0B:60:AC:B1','Session-Timeout','','','10.0.0.7',0,0,''),(198,'80300026','6afbafdd377fbb40','jinhuafeng','','','10.0.222.222','2150629414','Wireless-802.11','2014-04-26 07:05:19','2014-04-26 07:21:08',948,'','','',839161,19805606,'hotspot1','84:38:35:64:3D:B6','Lost-Service','','','10.0.0.170',0,0,''),(199,'80300027','b3178b0b8ad446aa','acer','','','10.0.222.222','2150629415','Wireless-802.11','2014-04-26 07:13:02','2014-04-27 02:40:31',70052,'','','',19191183,171106286,'hotspot1','D0:27:88:54:71:5D','Lost-Service','','','10.0.0.4',0,0,''),(200,'80300028','b5b9bfa47713aa3c','iphone','','','10.0.222.222','2150629416','Wireless-802.11','2014-04-26 09:58:49','2014-04-26 10:44:30',2741,'','','',472658,16248354,'hotspot1','B8:78:2E:76:A6:39','Lost-Service','','','10.0.0.128',0,0,''),(201,'80300029','1abebcdefd3b1b66','jinhuafeng','','','10.0.222.222','2150629417','Wireless-802.11','2014-04-26 10:07:30','2014-04-26 12:07:29',7200,'','','',4564129,19875942,'hotspot1','84:38:35:64:3D:B6','Session-Timeout','','','10.0.0.170',0,0,''),(202,'8030002c','92a85ab817771bde','iphone','','','10.0.222.222','2150629420','Wireless-802.11','2014-04-26 11:29:37','2014-04-26 11:43:29',832,'','','',3688,18253,'hotspot1','B8:78:2E:76:A6:39','Lost-Service','','','10.0.0.128',0,0,''),(203,'8030002d','a96a63d0fc85035f','iphone','','','10.0.222.222','2150629421','Wireless-802.11','2014-04-26 11:54:05','2014-04-26 12:41:51',2866,'','','',18491561,3743415,'hotspot1','B8:78:2E:76:A6:39','Lost-Service','','','10.0.0.128',0,0,''),(204,'8030002e','d424b524ae6e5d5d','jinhuafeng','','','10.0.222.222','2150629422','Wireless-802.11','2014-04-26 12:27:32','2014-04-26 12:53:24',1552,'','','',272439,4381859,'hotspot1','84:38:35:64:3D:B6','Lost-Service','','','10.0.0.170',0,0,''),(205,'8030002f','ab11c8397928fed4','iphone','','','10.0.222.222','2150629423','Wireless-802.11','2014-04-26 13:00:56','2014-04-26 13:28:41',1665,'','','',355616,4462588,'hotspot1','B8:78:2E:76:A6:39','Lost-Service','','','10.0.0.128',0,0,''),(206,'80300030','1f843c704f7cb2d5','haodan','','','10.0.222.222','2150629424','Wireless-802.11','2014-04-26 13:14:22','2014-04-26 14:00:23',2761,'','','',105568,182283,'hotspot1','F0:F6:1C:98:F6:12','Lost-Service','','','10.0.0.171',0,0,''),(207,'80300031','cef5706670e1e0ec','iphone','','','10.0.222.222','2150629425','Wireless-802.11','2014-04-26 13:51:19','2014-04-26 14:16:15',1496,'','','',429157,3570677,'hotspot1','B8:78:2E:76:A6:39','Lost-Service','','','10.0.0.128',0,0,''),(208,'80300033','beab6f297f3050f4','jinhuafeng','','','10.0.222.222','2150629427','Wireless-802.11','2014-04-26 14:06:42','2014-04-26 14:34:49',1687,'','','',1925104,38716983,'hotspot1','84:38:35:64:3D:B6','Lost-Service','','','10.0.0.170',0,0,''),(209,'80300034','30dc59e7bd8e687f','iphone','','','10.0.222.222','2150629428','Wireless-802.11','2014-04-26 14:25:21','2014-04-26 15:15:48',3027,'','','',377196,5172163,'hotspot1','B8:78:2E:76:A6:39','Lost-Service','','','10.0.0.128',0,0,''),(210,'80300035','387f0c7260a63ccc','jinhuafeng','','','10.0.222.222','2150629429','Wireless-802.11','2014-04-26 14:40:07','2014-04-26 15:01:30',1283,'','','',1259101,11017716,'hotspot1','84:38:35:64:3D:B6','Lost-Service','','','10.0.0.170',0,0,''),(211,'80300036','8eac99d4e679673d','jinhuafeng','','','10.0.222.222','2150629430','Wireless-802.11','2014-04-26 15:54:37','2014-04-26 16:20:07',1531,'','','',1216999,15446831,'hotspot1','84:38:35:64:3D:B6','Lost-Service','','','10.0.0.170',0,0,''),(212,'80300037','9f9a6301ad031f33','haodan','','','10.0.222.222','2150629431','Wireless-802.11','2014-04-26 16:56:48','2014-04-27 06:17:51',48065,'','','',8266899,192376041,'hotspot1','F0:F6:1C:98:F6:12','Lost-Service','','','10.0.0.171',0,0,''),(213,'80300038','d8223d73f756e61c','mi','','','10.0.222.222','2150629432','Wireless-802.11','2014-04-26 17:21:34','2014-04-26 19:21:34',7200,'','','',4080637,237941674,'hotspot1','D4:97:0B:60:AC:B1','Session-Timeout','','','10.0.0.7',0,0,''),(214,'80300039','8f3b5a65962bf26b','jinhuafeng','','','10.0.222.222','2150629433','Wireless-802.11','2014-04-26 17:25:44','2014-04-26 17:55:31',1787,'','','',3299184,33500621,'hotspot1','84:38:35:64:3D:B6','Lost-Service','','','10.0.0.170',0,0,''),(215,'8030003a','ec1efa4dea0317fa','iphone','','','10.0.222.222','2150629434','Wireless-802.11','2014-04-26 19:24:31','2014-04-26 19:57:50',1999,'','','',721005,9203938,'hotspot1','B8:78:2E:76:A6:39','Lost-Service','','','10.0.0.128',0,0,''),(216,'8030003b','6f9a2d61aa1b85a1','jinhuafeng','','','10.0.222.222','2150629435','Wireless-802.11','2014-04-26 19:53:31','2014-04-26 20:44:07',3037,'','','',3488872,97933054,'hotspot1','84:38:35:64:3D:B6','Lost-Service','','','10.0.0.170',0,0,''),(217,'8030003c','d9aca40f9a64d7d2','iphone','','','10.0.222.222','2150629436','Wireless-802.11','2014-04-26 22:31:54','2014-04-26 22:44:31',756,'','','',88364,371061,'hotspot1','B8:78:2E:76:A6:39','Lost-Service','','','10.0.0.128',0,0,''),(218,'8030003d','7feeccf28bf0df37','Panda','','','10.0.222.222','2150629437','Wireless-802.11','2014-04-26 23:15:28','2014-04-26 23:38:47',1400,'','','',800914,818594,'hotspot1','B8:78:2E:76:A6:39','Lost-Service','','','10.0.0.128',0,0,''),(219,'8030003e','73b3ea37e674d0e4','jinhuafeng','','','10.0.222.222','2150629438','Wireless-802.11','2014-04-26 23:19:13','2014-04-26 23:43:21',1449,'','','',1202061,9882384,'hotspot1','84:38:35:64:3D:B6','Lost-Service','','','10.0.0.170',0,0,''),(220,'8030003f','824ac00e71d9a8bf','iphone','','','10.0.222.222','2150629439','Wireless-802.11','2014-04-26 23:55:43','2014-04-27 00:18:05',1341,'','','',337020,2770756,'hotspot1','B8:78:2E:76:A6:39','Lost-Service','','','10.0.0.128',0,0,''),(221,'80300040','f31961be1f33f04c','jinhuafeng','','','10.0.222.222','2150629440','Wireless-802.11','2014-04-27 06:07:18','2014-04-27 06:34:23',1625,'','','',2905699,73104420,'hotspot1','84:38:35:64:3D:B6','Lost-Service','','','10.0.0.170',0,0,''),(222,'80300041','d50302979255d165','iphone','','','10.0.222.222','2150629441','Wireless-802.11','2014-04-27 06:31:52','2014-04-27 07:42:43',4251,'','','',891304,25293995,'hotspot1','B8:78:2E:76:A6:39','Lost-Service','','','10.0.0.128',0,0,''),(223,'80300042','fffced2f33577ce9','iphone','','','10.0.222.222','2150629442','Wireless-802.11','2014-04-27 08:42:11','2014-04-27 10:19:49',5858,'','','',755573,10519426,'hotspot1','B8:78:2E:76:A6:39','Lost-Service','','','10.0.0.128',0,0,''),(224,'80300043','3d447512a592b7a0','acer','','','10.0.222.222','2150629443','Wireless-802.11','2014-04-27 09:34:13','2014-04-27 21:11:15',41824,'','','',2699513004,79331701,'hotspot1','D0:27:88:54:71:5D','Lost-Service','','','10.0.0.4',0,0,''),(225,'80300044','5f1bccbc6d22dbab','jinhuafeng','','','10.0.222.222','2150629444','Wireless-802.11','2014-04-27 09:39:09','2014-04-27 10:06:55',1665,'','','',1578169,24112904,'hotspot1','84:38:35:64:3D:B6','User-Request','','','10.0.0.170',0,0,''),(226,'80300045','064ca50d93583c8d','jinhuafeng','','','10.0.222.222','2150629445','Wireless-802.11','2014-04-27 10:06:59','2014-04-27 10:07:13',15,'','','',5599,8574,'hotspot1','84:38:35:64:3D:B6','User-Request','','','10.0.0.170',0,0,''),(227,'80300049','653be753379026b0','iphone','','','10.0.222.222','2150629449','Wireless-802.11','2014-04-27 10:33:26','2014-04-27 10:56:25',1379,'','','',432312,32460260,'hotspot1','B8:78:2E:76:A6:39','Lost-Service','','','10.0.0.128',0,0,''),(228,'8030004a','a6fedbba24408a00','iphone','','','10.0.222.222','2150629450','Wireless-802.11','2014-04-27 11:03:12','2014-04-27 11:46:34',2603,'','','',381598,2459346,'hotspot1','B8:78:2E:76:A6:39','Lost-Service','','','10.0.0.128',0,0,''),(229,'8030004b','e07b60c5079139a4','iphone','','','10.0.222.222','2150629451','Wireless-802.11','2014-04-27 11:55:48','2014-04-27 12:15:02',1154,'','','',169175,938061,'hotspot1','B8:78:2E:76:A6:39','Lost-Service','','','10.0.0.128',0,0,''),(230,'8030004f','3b80643b3963d48a','jinhuafeng','','','10.0.222.222','2150629455','Wireless-802.11','2014-04-27 12:59:17','2014-04-27 13:12:46',808,'','','',68271,249730,'hotspot1','84:38:35:64:3D:B6','User-Request','','','10.0.0.170',0,0,''),(231,'80300050','e7be1e877c0b540e','jinhuafeng','','','10.0.222.222','2150629456','Wireless-802.11','2014-04-27 13:12:47','2014-04-27 13:43:08',1821,'','','',1319934,10665751,'hotspot1','84:38:35:64:3D:B6','Lost-Service','','','10.0.0.170',0,0,''),(232,'80300051','923fca97f517ea4f','haodan','','','10.0.222.222','2150629457','Wireless-802.11','2014-04-27 13:32:48','2014-04-27 14:34:39',3711,'','','',7952945,336510182,'hotspot1','F0:F6:1C:98:F6:12','Lost-Service','','','10.0.0.171',0,0,''),(233,'80300052','eccea747077660e0','iphone','','','10.0.222.222','2150629458','Wireless-802.11','2014-04-27 13:33:22','2014-04-27 13:33:36',15,'','','',9933,31051,'hotspot1','B8:78:2E:76:A6:39','User-Request','','','10.0.0.128',0,0,''),(234,'80300053','26644191ec00191b','iphone','','','10.0.222.222','2150629459','Wireless-802.11','2014-04-27 13:33:58','2014-04-27 13:34:20',22,'','','',9606,14308,'hotspot1','B8:78:2E:76:A6:39','User-Request','','','10.0.0.128',0,0,''),(235,'80300054','6ed2fb30fcf466a7','iphone','','','10.0.222.222','2150629460','Wireless-802.11','2014-04-27 13:34:41','2014-04-27 14:05:28',1847,'','','',525667,15194068,'hotspot1','B8:78:2E:76:A6:39','Lost-Service','','','10.0.0.128',0,0,''),(236,'80300055','66a7f2cf37ffc000','iphone','','','10.0.222.222','2150629461','Wireless-802.11','2014-04-27 14:46:43','2014-04-27 16:17:47',5464,'','','',1386094,38924443,'hotspot1','B8:78:2E:76:A6:39','Lost-Service','','','10.0.0.128',0,0,''),(237,'80300056','ab89d0ad7e83332d','jinhuafeng','','','10.0.222.222','2150629462','Wireless-802.11','2014-04-27 14:54:46','2014-04-27 15:28:47',2042,'','','',903266,4966163,'hotspot1','84:38:35:64:3D:B6','Lost-Service','','','10.0.0.170',0,0,''),(238,'80300057','46d63f63f965f418','haodan','','','10.0.222.222','2150629463','Wireless-802.11','2014-04-27 15:19:43','2014-04-28 00:04:35',31492,'','','',4089666,127726485,'hotspot1','F0:F6:1C:98:F6:12','Lost-Service','','','10.0.0.171',0,0,''),(239,'80300058','b804c6fc6ab3f7a5','jinhuafeng','','','10.0.222.222','2150629464','Wireless-802.11','2014-04-27 16:09:06','2014-04-27 17:44:36',5730,'','','',11951055,114147509,'hotspot1','84:38:35:64:3D:B6','Lost-Service','','','10.0.0.170',0,0,''),(240,'80300059','75d622c875a15e11','iphone','','','10.0.222.222','2150629465','Wireless-802.11','2014-04-27 16:40:19','2014-04-27 16:51:54',695,'','','',159819,2300901,'hotspot1','B8:78:2E:76:A6:39','Lost-Service','','','10.0.0.128',0,0,''),(241,'8030005a','007a6cb993d39700','iphone','','','10.0.222.222','2150629466','Wireless-802.11','2014-04-27 17:12:23','2014-04-27 18:01:15',2932,'','','',177095,326960,'hotspot1','B8:78:2E:76:A6:39','Lost-Service','','','10.0.0.128',0,0,''),(242,'8030005b','99b0ef7441610b95','iphone','','','10.0.222.222','2150629467','Wireless-802.11','2014-04-27 18:56:03','2014-04-27 20:12:52',4610,'','','',2747695,152953763,'hotspot1','B8:78:2E:76:A6:39','Lost-Service','','','10.0.0.128',0,0,''),(243,'8030005c','7a7bf74dc59a7040','iphone','','','10.0.222.222','2150629468','Wireless-802.11','2014-04-27 20:21:26','2014-04-27 20:44:26',1380,'','','',245735,1741188,'hotspot1','B8:78:2E:76:A6:39','Lost-Service','','','10.0.0.128',0,0,''),(244,'8030005d','d27b57f15b4aeb2f','mi','','','10.0.222.222','2150629469','Wireless-802.11','2014-04-27 20:24:44','2014-04-27 20:41:29',1005,'','','',54153,299885,'hotspot1','58:55:CA:BF:D0:7B','Lost-Service','','','10.0.0.11',0,0,''),(245,'8030005e','d06b5ef7dcb7248b','iphone','','','10.0.222.222','2150629470','Wireless-802.11','2014-04-27 20:48:22','2014-04-27 21:20:20',1918,'','','',245978,1719806,'hotspot1','B8:78:2E:76:A6:39','Lost-Service','','','10.0.0.128',0,0,''),(246,'8030005f','8d3d1ecf2fc04ef0','jinhuafeng','','','10.0.222.222','2150629471','Wireless-802.11','2014-04-27 21:21:07','2014-04-27 21:51:20',1813,'','','',3204271,18460046,'hotspot1','84:38:35:64:3D:B6','Lost-Service','','','10.0.0.170',0,0,''),(247,'80300060','33800604c9cac57d','iphone','','','10.0.222.222','2150629472','Wireless-802.11','2014-04-27 21:41:56','2014-04-27 21:52:22',626,'','','',24890,27041,'hotspot1','B8:78:2E:76:A6:39','Lost-Service','','','10.0.0.128',0,0,''),(248,'80300062','9fb6a48fb9a28556','mi','','','10.0.222.222','2150629474','Wireless-802.11','2014-04-27 21:59:46','2014-04-27 22:28:15',1709,'','','',245551,2825081,'hotspot1','58:55:CA:BF:D0:7B','Lost-Service','','','10.0.0.11',0,0,''),(249,'80300063','f9ca160fffe47d0f','iphone','','','10.0.222.222','2150629475','Wireless-802.11','2014-04-28 05:18:22','2014-04-28 05:39:27',1265,'','','',2281041,3358435,'hotspot1','B8:78:2E:76:A6:39','Lost-Service','','','10.0.0.128',0,0,''),(250,'80300065','607ec2c7ceb67680','iphone','','','10.0.222.222','2150629477','Wireless-802.11','2014-04-28 06:22:45','2014-04-28 07:08:47',2762,'','','',795605,17786088,'hotspot1','B8:78:2E:76:A6:39','Lost-Service','','','10.0.0.128',0,0,''),(251,'80300066','fa534b90bf51d5cf','jinhuafeng','','','10.0.222.222','2150629478','Wireless-802.11','2014-04-28 07:40:14','2014-04-28 08:21:30',2475,'','','',8365477,140451054,'hotspot1','84:38:35:64:3D:B6','Lost-Service','','','10.0.0.170',0,0,''),(252,'80300069','d61531f5466009d9','haodan','','','10.0.222.222','2150629481','Wireless-802.11','2014-04-28 19:46:05','2014-04-29 15:13:11',70030,'','','',53073856,2437628344,'hotspot1','F0:F6:1C:98:F6:12','Lost-Service','','','10.0.0.171',0,0,''),(253,'8030006a','3fce8d86f0847a10','acer','','','10.0.222.222','2150629482','Wireless-802.11','2014-04-28 20:00:21','2014-04-28 23:13:16',11575,'','','',11231495,77846345,'hotspot1','D0:27:88:54:71:5D','Lost-Service','','','10.0.0.4',0,0,''),(254,'8030006b','e305e8f2ee1d3249','mi','','','10.0.222.222','2150629483','Wireless-802.11','2014-04-28 22:08:59','2014-04-29 00:08:59',7200,'','','',1685321,22681028,'hotspot1','D4:97:0B:60:AC:B1','Session-Timeout','','','10.0.0.7',0,0,''),(255,'8030006c','41d9b4d1d6b4aa7e','jinhuafeng','','','10.0.222.222','2150629484','Wireless-802.11','2014-04-28 23:02:07','2014-04-28 23:51:40',2973,'','','',1228953,4247748,'hotspot1','84:38:35:64:3D:B6','Lost-Service','','','10.0.0.170',0,0,''),(256,'8030006d','d040885290d4b657','iphone','','','10.0.222.222','2150629485','Wireless-802.11','2014-04-28 23:13:21','2014-04-28 23:26:55',814,'','','',17259,347232,'hotspot1','B8:78:2E:76:A6:39','Lost-Service','','','10.0.0.197',0,0,''),(257,'8030006e','34fdda94d2ad1207','iphone','','','10.0.222.222','2150629486','Wireless-802.11','2014-04-28 23:42:27','2014-04-29 00:02:38',1211,'','','',77375,204562,'hotspot1','B8:78:2E:76:A6:39','Lost-Service','','','10.0.0.197',0,0,''),(258,'8030006f','d0e8d6ec65ff851b','iphone','','','10.0.222.222','2150629487','Wireless-802.11','2014-04-29 05:12:33','2014-04-29 06:19:17',4004,'','','',1004418,10429737,'hotspot1','B8:78:2E:76:A6:39','Lost-Service','','','10.0.0.197',0,0,''),(259,'80300070','848e1411d6b1da90','iphone','','','10.0.222.222','2150629488','Wireless-802.11','2014-04-29 07:53:15','2014-04-29 08:32:21',2346,'','','',783718,21110723,'hotspot1','B8:78:2E:76:A6:39','Lost-Service','','','10.0.0.197',0,0,''),(260,'80300071','efa2997cdfc1cbd2','haodan','','','10.0.222.222','2150629489','Wireless-802.11','2014-04-29 20:25:07','2014-04-29 21:52:56',5269,'','','',49623846,309655293,'hotspot1','F0:F6:1C:98:F6:12','Lost-Service','','','10.0.0.171',0,0,''),(261,'80300073','75e7eb290149b113','jinhuafeng','','','10.0.222.222','2150629491','Wireless-802.11','2014-04-30 00:05:39','2014-04-30 01:22:40',4621,'','','',22988413,345724804,'hotspot1','84:38:35:64:3D:B6','Lost-Service','','','10.0.0.170',0,0,''),(262,'80300074','963f9f3ec9624d06','iphone','','','10.0.222.222','2150629492','Wireless-802.11','2014-04-30 01:13:04','2014-04-30 01:38:08',1504,'','','',306456,988686,'hotspot1','B8:78:2E:76:A6:39','Lost-Service','','','10.0.0.197',0,0,''),(263,'80300075','264ca781de957f03','iphone','','','10.0.222.222','2150629493','Wireless-802.11','2014-04-30 01:44:15','2014-04-30 02:44:20',3605,'','','',1246967,27929578,'hotspot1','B8:78:2E:76:A6:39','Lost-Service','','','10.0.0.197',0,0,''),(264,'80300076','306746e43aa84eb2','iphone','','','10.0.222.222','2150629494','Wireless-802.11','2014-04-30 03:00:40','2014-04-30 04:05:42',3902,'','','',1898575,53868299,'hotspot1','B8:78:2E:76:A6:39','Lost-Service','','','10.0.0.197',0,0,''),(265,'80300077','81caf5e53a36cb6d','jinhuafeng','','','10.0.222.222','2150629495','Wireless-802.11','2014-04-30 03:49:22','2014-04-30 04:24:34',2112,'','','',6226496,78383100,'hotspot1','84:38:35:64:3D:B6','Lost-Service','','','10.0.0.170',0,0,''),(266,'80300078','572822b48c592cd1','iphone','','','10.0.222.222','2150629496','Wireless-802.11','2014-04-30 07:08:15','2014-04-30 08:15:17',4023,'','','',1035093,6692558,'hotspot1','B8:78:2E:76:A6:39','Lost-Service','','','10.0.0.197',0,0,''),(267,'80300079','d3b20018ac85486b','jinhuafeng','','','10.0.222.222','2150629497','Wireless-802.11','2014-04-30 08:05:02','2014-04-30 08:20:49',948,'','','',1024291,6339255,'hotspot1','84:38:35:64:3D:B6','Lost-Service','','','10.0.0.170',0,0,''),(268,'8030007a','0c2b681ff9585c91','iphone','','','10.0.222.222','2150629498','Wireless-802.11','2014-04-30 08:33:30','2014-04-30 08:51:06',1056,'','','',89164,239894,'hotspot1','B8:78:2E:76:A6:39','Lost-Service','','','10.0.0.197',0,0,''),(269,'8030007b','4a2fe1e0f8c77b97','iphone','','','10.0.222.222','2150629499','Wireless-802.11','2014-04-30 09:28:36','2014-04-30 11:28:36',7200,'','','',445106743,126140223,'hotspot1','B8:78:2E:76:A6:39','Session-Timeout','','','10.0.0.197',0,0,''),(270,'8030007c','cad85d804d138d03','mi','','','10.0.222.222','2150629500','Wireless-802.11','2014-04-30 10:06:50','2014-04-30 12:06:50',7200,'','','',469125,3266108,'hotspot1','D4:97:0B:60:AC:B1','Session-Timeout','','','10.0.0.7',0,0,''),(271,'8030007d','c656c0de92f4a52c','acer','','','10.0.222.222','2150629501','Wireless-802.11','2014-04-30 10:11:43','2014-04-30 16:33:06',22884,'','','',79921180,1279123135,'hotspot1','D0:27:88:54:71:5D','Lost-Service','','','10.0.0.4',0,0,''),(272,'8030007e','c4464fd719d87293','jinhuafeng','','','10.0.222.222','2150629502','Wireless-802.11','2014-04-30 10:21:19','2014-04-30 11:21:30',3611,'','','',7617059,116756539,'hotspot1','84:38:35:64:3D:B6','Lost-Service','','','10.0.0.170',0,0,''),(273,'8030007f','75a13c89d3638661','iphone','','','10.0.222.222','2150629503','Wireless-802.11','2014-04-30 11:55:35','2014-04-30 12:35:34',2399,'','','',179620,944813,'hotspot1','B8:78:2E:76:A6:39','Lost-Service','','','10.0.0.197',0,0,''),(274,'80300080','0b23c18df3a904ca','jinhuafeng','','','10.0.222.222','2150629504','Wireless-802.11','2014-04-30 12:01:47','2014-04-30 13:01:56',3609,'','','',3081332,6832814,'hotspot1','84:38:35:64:3D:B6','Lost-Service','','','10.0.0.170',0,0,''),(275,'80300081','44e796585b8b026c','haodan','','','10.0.222.222','2150629505','Wireless-802.11','2014-04-30 12:25:55','2014-04-30 17:13:36',17262,'','','',988052,86193600,'hotspot1','F0:F6:1C:98:F6:12','Lost-Service','','','10.0.0.171',0,0,''),(276,'80300082','8c956407c01aaded','iphone','','','10.0.222.222','2150629506','Wireless-802.11','2014-04-30 14:29:16','2014-04-30 14:45:49',993,'','','',66382,97772,'hotspot1','B8:78:2E:76:A6:39','Lost-Service','','','10.0.0.197',0,0,''),(277,'80300084','f654a14588cabadd','haodan','','','10.0.222.222','2150629508','Wireless-802.11','2014-04-30 17:24:05','2014-04-30 17:43:19',1154,'','','',73879,7735090,'hotspot1','F0:F6:1C:98:F6:12','Lost-Service','','','10.0.0.171',0,0,''),(278,'80300085','1651140996756965','iphone','','','10.0.222.222','2150629509','Wireless-802.11','2014-04-30 19:40:32','2014-04-30 19:55:10',879,'','','',180638,1362527,'hotspot1','B8:78:2E:76:A6:39','Lost-Service','','','10.0.0.197',0,0,''),(279,'80300086','22d557b0fa000480','jinhuafeng','','','10.0.222.222','2150629510','Wireless-802.11','2014-04-30 19:45:19','2014-04-30 20:34:30',2951,'','','',2087324,13044967,'hotspot1','D0:27:88:54:71:5D','Lost-Service','','','10.0.0.4',0,0,''),(280,'80300087','be8f46603216ad93','mi','','','10.0.222.222','2150629511','Wireless-802.11','2014-04-30 20:52:45','2014-04-30 22:52:45',7200,'','','',820230,3997705,'hotspot1','68:DF:DD:BB:38:95','Session-Timeout','','','10.0.0.214',0,0,''),(281,'80300088','8bd710084687dd27','iphone','','','10.0.222.222','2150629512','Wireless-802.11','2014-04-30 21:14:31','2014-04-30 22:24:15',4184,'','','',48696691,14823853,'hotspot1','B8:78:2E:76:A6:39','Lost-Service','','','10.0.0.197',0,0,''),(282,'80300089','c13e001bd6106d8b','haodan','','','10.0.222.222','2150629513','Wireless-802.11','2014-04-30 21:54:27','2014-04-30 22:13:23',1136,'','','',687903,71829929,'hotspot1','F0:F6:1C:98:F6:12','Lost-Service','','','10.0.0.171',0,0,''),(283,'8030008c','e3d6fedbbe1ceb4a','iphone','','','10.0.222.222','2150629516','Wireless-802.11','2014-05-01 06:42:07','2014-05-01 07:16:52',2085,'','','',1086493,36881054,'hotspot1','B8:78:2E:76:A6:39','Lost-Service','','','10.0.0.197',0,0,''),(284,'8030008d','169f9475a4e92775','haodan','','','10.0.222.222','2150629517','Wireless-802.11','2014-05-01 08:08:06','2014-05-01 08:20:51',765,'','','',88926,699169,'hotspot1','F0:F6:1C:98:F6:12','Lost-Service','','','10.0.0.171',0,0,''),(285,'8030008e','fda5a485a19a9e9d','iphone','','','10.0.222.222','2150629518','Wireless-802.11','2014-05-01 12:49:14','2014-05-01 14:49:14',7200,'','','',19457296,19634810,'hotspot1','B8:78:2E:76:A6:39','Session-Timeout','','','10.0.0.197',0,0,''),(286,'8030008f','9641a4c22ce6304e','acer','','','10.0.222.222','2150629519','Wireless-802.11','2014-05-01 12:56:55','2014-05-01 14:40:33',6218,'','','',14375559,657791887,'hotspot1','D0:27:88:54:71:5D','Lost-Service','','','10.0.0.4',0,0,''),(287,'80300090','1876ef384a0fbcac','mi','','','10.0.222.222','2150629520','Wireless-802.11','2014-05-01 12:56:57','2014-05-01 14:56:56',7200,'','','',330779194,9388741,'hotspot1','68:DF:DD:BB:38:95','Session-Timeout','','','10.0.0.214',0,0,''),(288,'80300093','162eec803391a49e','iphone','','','10.0.222.222','2150629523','Wireless-802.11','2014-05-01 15:06:18','2014-05-01 15:18:59',761,'','','',8092,21713,'hotspot1','B8:78:2E:76:A6:39','Lost-Service','','','10.0.0.197',0,0,''),(289,'80300094','87dfddf38bd2accb','iphone','','','10.0.222.222','2150629524','Wireless-802.11','2014-05-01 15:29:17','2014-05-01 16:24:52',3335,'','','',112180,519441,'hotspot1','B8:78:2E:76:A6:39','Lost-Service','','','10.0.0.197',0,0,''),(290,'80300095','004ff73210e58a02','haodan','','','10.0.222.222','2150629525','Wireless-802.11','2014-05-01 15:30:53','2014-05-01 17:16:56',6362,'','','',16925500,588240145,'hotspot1','F0:F6:1C:98:F6:12','Lost-Service','','','10.0.0.171',0,0,''),(291,'80300097','fd92a1bbbd61489e','haodan','','','10.0.222.222','2150629527','Wireless-802.11','2014-05-01 17:41:17','2014-05-01 18:47:58',4001,'','','',3943389,68094606,'hotspot1','F0:F6:1C:98:F6:12','Lost-Service','','','10.0.0.171',0,0,''),(292,'80300098','b899425ff989484a','mi','','','10.0.222.222','2150629528','Wireless-802.11','2014-05-01 17:42:51','2014-05-01 19:13:14',5423,'','','',584170,3343527,'hotspot1','68:DF:DD:BB:38:95','Lost-Service','','','10.0.0.214',0,0,''),(293,'80300099','36f677e64e00709c','iphone','','','10.0.222.222','2150629529','Wireless-802.11','2014-05-01 21:41:42','2014-05-01 22:49:45',4083,'','','',16796560,45876585,'hotspot1','B8:78:2E:76:A6:39','Lost-Service','','','10.0.0.53',0,0,''),(294,'8030009a','45eef97df667f33a','mi','','','10.0.222.222','2150629530','Wireless-802.11','2014-05-01 21:45:33','2014-05-01 23:45:32',7200,'','','',1245006,13683497,'hotspot1','68:DF:DD:BB:38:95','Session-Timeout','','','10.0.0.214',0,0,''),(295,'8030009b','ff71fbb004622f25','haodan','','','10.0.222.222','2150629531','Wireless-802.11','2014-05-01 22:32:07','2014-05-02 00:07:49',5742,'','','',541571,19844022,'hotspot1','F0:F6:1C:98:F6:12','Lost-Service','','','10.0.0.171',0,0,''),(296,'8030009c','542655b7d03d15e6','iphone','','','10.0.222.222','2150629532','Wireless-802.11','2014-05-01 23:12:02','2014-05-01 23:43:37',1895,'','','',385876,2467484,'hotspot1','B8:78:2E:76:A6:39','Lost-Service','','','10.0.0.53',0,0,''),(297,'8030009e','ad8ca72c3fb51a8d','haodan','','','10.0.222.222','2150629534','Wireless-802.11','2014-05-02 04:11:50','2014-05-02 05:32:20',4830,'','','',5570539,108621100,'hotspot1','F0:F6:1C:98:F6:12','Lost-Service','','','10.0.0.171',0,0,''),(298,'803000a0','11948fd37a08a3ff','iphone','','','10.0.222.222','2150629536','Wireless-802.11','2014-05-02 06:00:15','2014-05-02 06:39:49',2374,'','','',923931,10942038,'hotspot1','B8:78:2E:76:A6:39','Lost-Service','','','10.0.0.53',0,0,''),(299,'803000a3','a108473657b9c585','iphone','','','10.0.222.222','2150629539','Wireless-802.11','2014-05-02 06:55:50','2014-05-02 07:35:41',2391,'','','',655328,3416358,'hotspot1','B8:78:2E:76:A6:39','Lost-Service','','','10.0.0.53',0,0,''),(300,'803000a4','76e32c12af866b1e','iphone','','','10.0.222.222','2150629540','Wireless-802.11','2014-05-02 07:36:03','2014-05-02 08:18:53',2571,'','','',7673113,21317217,'hotspot1','B8:78:2E:76:A6:39','Lost-Service','','','10.0.0.53',0,0,''),(301,'803000a6','f8319d1a66b82035','mi','','','10.0.222.222','2150629542','Wireless-802.11','2014-05-02 07:40:44','2014-05-02 09:40:44',7200,'','','',617535,1975854,'hotspot1','68:DF:DD:BB:38:95','Session-Timeout','','','10.0.0.214',0,0,''),(302,'803000a7','df37b3e1109526a9','iphone','','','10.0.222.222','2150629543','Wireless-802.11','2014-05-02 08:24:22','2014-05-02 08:45:09',1247,'','','',17317,39352,'hotspot1','B8:78:2E:76:A6:39','Lost-Service','','','10.0.0.53',0,0,''),(303,'803000a9','90a889828fd2baac','iphone','','','10.0.222.222','2150629545','Wireless-802.11','2014-05-02 16:14:22','2014-05-02 16:38:09',1427,'','','',325441,1380845,'hotspot1','B8:78:2E:76:A6:39','Lost-Service','','','10.0.0.53',0,0,''),(304,'803000aa','f6abcf1afe3bb0e8','acer','','','10.0.222.222','2150629546','Wireless-802.11','2014-05-02 16:30:07','2014-05-02 21:38:52',18527,'','','',113671823,5340316804,'hotspot1','D0:27:88:54:71:5D','Lost-Service','','','10.0.0.4',0,0,''),(305,'803000ac','4c8ece8b0a468abb','mi','','','10.0.222.222','2150629548','Wireless-802.11','2014-05-02 16:39:43','2014-05-02 18:39:43',7200,'','','',1906472,11933878,'hotspot1','68:DF:DD:BB:38:95','Session-Timeout','','','10.0.0.214',0,0,''),(306,'803000ad','932e359447970379','haodan','','','10.0.222.222','2150629549','Wireless-802.11','2014-05-02 17:43:28','2014-05-02 19:29:40',6373,'','','',19032513,894874973,'hotspot1','F0:F6:1C:98:F6:12','Lost-Service','','','10.0.0.171',0,0,''),(307,'803000af','f365794f5de248c1','iphone','','','10.0.222.222','2150629551','Wireless-802.11','2014-05-02 20:04:03','2014-05-02 20:33:22',1759,'','','',674209,7907759,'hotspot1','B8:78:2E:76:A6:39','Lost-Service','','','10.0.0.53',0,0,''),(308,'803000b1','1c5f0a12c34e8e1d','haodan','','','10.0.222.222','2150629553','Wireless-802.11','2014-05-02 20:20:57','2014-05-03 12:04:43',56628,'','','',5870535,162921584,'hotspot1','F0:F6:1C:98:F6:12','Lost-Service','','','10.0.0.171',0,0,''),(309,'803000b2','0f5437cd47c34fc8','mi','','','10.0.222.222','2150629554','Wireless-802.11','2014-05-02 20:46:24','2014-05-02 22:46:24',7200,'','','',830136,6400319,'hotspot1','68:DF:DD:BB:38:95','Session-Timeout','','','10.0.0.214',0,0,''),(310,'803000b3','0fbacdace6fa80ad','iphone','','','10.0.222.222','2150629555','Wireless-802.11','2014-05-02 21:29:41','2014-05-02 22:59:58',5417,'','','',4646275,147346053,'hotspot1','B8:78:2E:76:A6:39','Lost-Service','','','10.0.0.53',0,0,''),(311,'803000b4','75aad48801f6680a','iphone','','','10.0.222.222','2150629556','Wireless-802.11','2014-05-03 02:36:32','2014-05-03 02:53:09',997,'','','',193656,875706,'hotspot1','B8:78:2E:76:A6:39','Lost-Service','','','10.0.0.53',0,0,''),(312,'803000b5','10d319378b2bafef','iphone','','','10.0.222.222','2150629557','Wireless-802.11','2014-05-03 06:07:08','2014-05-03 06:59:40',3152,'','','',2047493,17376031,'hotspot1','B8:78:2E:76:A6:39','Lost-Service','','','10.0.0.53',0,0,''),(313,'803000b6','f62a76e46f0a74d0','iphone','','','10.0.222.222','2150629558','Wireless-802.11','2014-05-03 07:14:30','2014-05-03 07:48:01',2012,'','','',257576,1684666,'hotspot1','B8:78:2E:76:A6:39','Lost-Service','','','10.0.0.53',0,0,''),(314,'803000b7','14c1e65f94f1d16c','acer','','','10.0.222.222','2150629559','Wireless-802.11','2014-05-03 07:54:40','2014-05-03 11:52:26',14267,'','','',3573157,19903337,'hotspot1','D0:27:88:54:71:5D','Lost-Service','','','10.0.0.4',0,0,''),(315,'803000b8','e22b1c3f4fbafc2d','iphone','','','10.0.222.222','2150629560','Wireless-802.11','2014-05-03 08:36:20','2014-05-03 09:05:43',1763,'','','',578815,2522327,'hotspot1','B8:78:2E:76:A6:39','Lost-Service','','','10.0.0.53',0,0,''),(316,'803000b9','b5f772e8414a3f5b','mi','','','10.0.222.222','2150629561','Wireless-802.11','2014-05-03 08:56:01','2014-05-03 09:34:31',2310,'','','',370675,3556039,'hotspot1','68:DF:DD:BB:38:95','Lost-Service','','','10.0.0.214',0,0,''),(317,'803000ba','6409010dac6c2376','mi','','','10.0.222.222','2150629562','Wireless-802.11','2014-05-03 09:49:37','2014-05-03 10:17:23',1667,'','','',459840,11078633,'hotspot1','68:DF:DD:BB:38:95','Lost-Service','','','10.0.0.214',0,0,''),(318,'803000bb','4343512c45c00b26','mi','','','10.0.222.222','2150629563','Wireless-802.11','2014-05-03 10:23:35','2014-05-03 12:23:34',7200,'','','',2144755,100934413,'hotspot1','68:DF:DD:BB:38:95','Session-Timeout','','','10.0.0.214',0,0,''),(319,'803000bc','a3862b7dd9cc07f3','iphone','','','10.0.222.222','2150629564','Wireless-802.11','2014-05-03 10:35:36','2014-05-03 10:46:08',633,'','','',26178,50448,'hotspot1','B8:78:2E:76:A6:39','Lost-Service','','','10.0.0.53',0,0,''),(320,'803000bd','b8dee8c3f981019e','iphone','','','10.0.222.222','2150629565','Wireless-802.11','2014-05-03 11:10:10','2014-05-03 11:17:42',451,'','','',860522,993512,'hotspot1','B8:78:2E:76:A6:39','Lost-Service','','','10.0.0.53',0,0,''),(321,'803000be','9cb7135ea1887b9f','iphone','','','10.0.222.222','2150629566','Wireless-802.11','2014-05-03 14:19:25','2014-05-03 15:53:04',5619,'','','',1301810,10401770,'hotspot1','B8:78:2E:76:A6:39','Lost-Service','','','10.0.0.97',0,0,''),(322,'803000bf','e5ac07d4a3aca0c6','haodan','','','10.0.222.222','2150629567','Wireless-802.11','2014-05-03 14:21:07','2014-05-04 13:46:26',84324,'','','',1703895,18751277,'hotspot1','F0:F6:1C:98:F6:12','Lost-Service','','','10.0.0.171',0,0,''),(323,'803000c0','9a12404007427851','pc','','','10.0.222.222','2150629568','Wireless-802.11','2014-05-03 15:46:07','2014-05-03 17:46:07',7200,'','','',2441999,73402548,'hotspot1','D0:DF:9A:1B:6E:7C','Session-Timeout','','','10.0.0.116',0,0,''),(324,'803000c1','0472f093517d952c','iphone','','','10.0.222.222','2150629569','Wireless-802.11','2014-05-03 16:29:34','2014-05-03 16:52:49',1395,'','','',565921,65200725,'hotspot1','B8:78:2E:76:A6:39','Lost-Service','','','10.0.0.97',0,0,''),(325,'803000c3','9bd235d2815bbc04','iphone','','','10.0.222.222','2150629571','Wireless-802.11','2014-05-03 17:18:08','2014-05-03 17:47:43',1774,'','','',316914,2983250,'hotspot1','B8:78:2E:76:A6:39','Lost-Service','','','10.0.0.97',0,0,''),(326,'803000c4','ca7ce802b4e08101','pc','','','10.0.222.222','2150629572','Wireless-802.11','2014-05-03 17:46:40','2014-05-03 19:28:03',6083,'','','',12393194,417864822,'hotspot1','D0:DF:9A:1B:6E:7C','Lost-Service','','','10.0.0.116',0,0,''),(327,'803000c5','c7ac9b050cd15d73','iphone','','','10.0.222.222','2150629573','Wireless-802.11','2014-05-03 18:36:19','2014-05-03 18:55:07',1127,'','','',180440,17216866,'hotspot1','B8:78:2E:76:A6:39','Lost-Service','','','10.0.0.97',0,0,''),(328,'803000c6','364274095f56f54a','iphone','','','10.0.222.222','2150629574','Wireless-802.11','2014-05-03 19:19:13','2014-05-03 19:30:51',698,'','','',256382,25751778,'hotspot1','B8:78:2E:76:A6:39','Lost-Service','','','10.0.0.97',0,0,''),(329,'803000c7','d7a28e48d749a1c8','iphone','','','10.0.222.222','2150629575','Wireless-802.11','2014-05-03 19:55:40','2014-05-03 21:16:10',4830,'','','',43865172,73765724,'hotspot1','B8:78:2E:76:A6:39','Lost-Service','','','10.0.0.97',0,0,''),(330,'803000c8','bb94bb303047b21b','iphone','','','10.0.222.222','2150629576','Wireless-802.11','2014-05-03 21:20:10','2014-05-03 21:51:30',1880,'','','',236886,19365722,'hotspot1','B8:78:2E:76:A6:39','Lost-Service','','','10.0.0.97',0,0,''),(331,'803000c9','60b50803b13dcecf','iphone','','','10.0.222.222','2150629577','Wireless-802.11','2014-05-04 03:49:31','2014-05-04 04:24:25',2093,'','','',471705,1987214,'hotspot1','B8:78:2E:76:A6:39','Lost-Service','','','10.0.0.97',0,0,''),(332,'803000ca','b5aeb9672acd305d','iphone','','','10.0.222.222','2150629578','Wireless-802.11','2014-05-04 05:39:39','2014-05-04 07:39:38',7200,'','','',5567374,65118088,'hotspot1','B8:78:2E:76:A6:39','Session-Timeout','','','10.0.0.97',0,0,''),(333,'803000cd','0f0cd9bdf88a4f46','iphone','','','10.0.222.222','2150629581','Wireless-802.11','2014-05-04 07:44:33','2014-05-04 08:14:25',1792,'','','',33241,70128,'hotspot1','B8:78:2E:76:A6:39','Lost-Service','','','10.0.0.97',0,0,''),(334,'803000d1','5f6d415c0e5622ac','iphone','','','10.0.222.222','2150629585','Wireless-802.11','2014-05-04 20:26:30','2014-05-04 20:36:11',581,'','','',120809,526708,'hotspot1','B8:78:2E:76:A6:39','Lost-Service','','','10.0.0.154',0,0,''),(335,'80400001','1bde1bd15ffd2f40','haodan','','','10.0.222.222','2151677953','Wireless-802.11','2014-05-04 20:53:05','2014-05-04 21:18:44',1539,'','','',232784,1357941,'hotspot1','F0:F6:1C:98:F6:12','Lost-Service','','','10.0.0.2',0,0,''),(336,'80400002','1d695254334d3a62','iphone','','','10.0.222.222','2151677954','Wireless-802.11','2014-05-04 21:16:26','2014-05-04 21:35:39',1153,'','','',4053,8741,'hotspot1','B8:78:2E:76:A6:39','Lost-Service','','','10.0.0.3',0,0,''),(337,'80400003','47a632b1afee0d15','iphone','','','10.0.222.222','2151677955','Wireless-802.11','2014-05-04 22:12:24','2014-05-04 22:46:03',2018,'','','',1001460,19432806,'hotspot1','B8:78:2E:76:A6:39','Lost-Service','','','10.0.0.3',0,0,''),(338,'80400005','1539ce36f12d0122','iphone','','','10.0.222.222','2151677957','Wireless-802.11','2014-05-05 04:28:31','2014-05-05 05:30:35',3724,'','','',949425,7540817,'hotspot1','B8:78:2E:76:A6:39','Lost-Service','','','10.0.0.3',0,0,''),(339,'80400006','d6e63365c6ecca28','haodan','','','10.0.222.222','2151677958','Wireless-802.11','2014-05-05 05:15:59','2014-05-05 06:05:35',2976,'','','',2196290,66230654,'hotspot1','F0:F6:1C:98:F6:12','Lost-Service','','','10.0.0.2',0,0,''),(340,'80400007','4298fc30256d0d21','iphone','','','10.0.222.222','2151677959','Wireless-802.11','2014-05-05 05:54:30','2014-05-05 06:10:39',969,'','','',80491,237235,'hotspot1','B8:78:2E:76:A6:39','Lost-Service','','','10.0.0.3',0,0,''),(341,'80400008','cf74e24d309b706f','iphone','','','10.0.222.222','2151677960','Wireless-802.11','2014-05-05 07:16:10','2014-05-05 07:48:30',1939,'','','',198991,729025,'hotspot1','B8:78:2E:76:A6:39','Lost-Service','','','10.0.0.3',0,0,''),(342,'8040000a','3bb6451883e1061c','iphone','','','10.0.222.222','2151677962','Wireless-802.11','2014-05-05 20:02:56','2014-05-05 20:40:40',2264,'','','',1749468,64577793,'hotspot1','B8:78:2E:76:A6:39','Lost-Service','','','10.0.0.47',0,0,''),(343,'8040000b','c625916cc66279b9','haodan','','','10.0.222.222','2151677963','Wireless-802.11','2014-05-05 20:09:11','2014-05-05 21:08:28',3556,'','','',4089724,162733582,'hotspot1','F0:F6:1C:98:F6:12','Lost-Service','','','10.0.0.2',0,0,''),(344,'8040000c','074bda496cf8e0fc','acer','','','10.0.222.222','2151677964','Wireless-802.11','2014-05-05 20:32:28','2014-05-05 21:01:48',1759,'','','',540580,6575031,'hotspot1','D0:27:88:54:71:5D','Lost-Service','','','10.0.0.4',0,0,''),(345,'8040000d','4671046105ce90df','iphone','','','10.0.222.222','2151677965','Wireless-802.11','2014-05-05 21:02:14','2014-05-05 22:58:21',6966,'','','',10288409,428464234,'hotspot1','B8:78:2E:76:A6:39','Lost-Service','','','10.0.0.47',0,0,''),(346,'8040000e','f4217c01f90d6f91','iphone','','','10.0.222.222','2151677966','Wireless-802.11','2014-05-06 04:40:27','2014-05-06 04:52:29',721,'','','',66146,386867,'hotspot1','B8:78:2E:76:A6:39','Lost-Service','','','10.0.0.47',0,0,''),(347,'8040000f','5e0b2f371f3d544c','iphone','','','10.0.222.222','2151677967','Wireless-802.11','2014-05-06 05:02:35','2014-05-06 06:13:19',4243,'','','',1432480,10954731,'hotspot1','B8:78:2E:76:A6:39','Lost-Service','','','10.0.0.47',0,0,''),(348,'80400012','46e75780f83dfbdf','iphone','','','10.0.222.222','2151677970','Wireless-802.11','2014-05-06 08:11:50','2014-05-06 08:27:57',968,'','','',45250,125689,'hotspot1','B8:78:2E:76:A6:39','Lost-Service','','','10.0.0.47',0,0,''),(349,'80400013','91c9fec9bf137a04','iphone','','','10.0.222.222','2151677971','Wireless-802.11','2014-05-06 19:53:36','2014-05-06 21:47:35',6838,'','','',2221082,62675136,'hotspot1','B8:78:2E:76:A6:39','Lost-Service','','','10.0.0.47',0,0,''),(350,'80400014','9e6cfc224b058d6d','iphone','','','10.0.222.222','2151677972','Wireless-802.11','2014-05-06 21:48:41','2014-05-06 22:47:44',3542,'','','',728446030,36667063,'hotspot1','B8:78:2E:76:A6:39','Lost-Service','','','10.0.0.47',0,0,''),(351,'80400016','3f029cae5b26e24e','iphone','','','10.0.222.222','2151677974','Wireless-802.11','2014-05-07 05:35:20','2014-05-07 07:18:53',6212,'','','',853672,3861176,'hotspot1','B8:78:2E:76:A6:39','Lost-Service','','','10.0.0.47',0,0,''),(352,'80400017','8a89ab602707711b','iphone','','','10.0.222.222','2151677975','Wireless-802.11','2014-05-07 07:48:46','2014-05-07 08:28:32',2386,'','','',565607,3077846,'hotspot1','B8:78:2E:76:A6:39','Lost-Service','','','10.0.0.47',0,0,''),(353,'80400019','2d54341acea56692','iphone','','','10.0.222.222','2151677977','Wireless-802.11','2014-05-07 20:45:40','2014-05-07 22:01:33',4552,'','','',1699253,31205082,'hotspot1','B8:78:2E:76:A6:39','Lost-Service','','','10.0.0.149',0,0,''),(354,'8040001a','a37840122275b9db','mi','','','10.0.222.222','2151677978','Wireless-802.11','2014-05-07 21:22:35','2014-05-07 23:22:36',7200,'','','',669550,1827480,'hotspot1','D4:97:0B:60:AC:B1','Session-Timeout','','','10.0.0.158',0,0,''),(355,'8040001b','3727043428fcb771','iphone','','','10.0.222.222','2151677979','Wireless-802.11','2014-05-07 22:09:29','2014-05-07 22:23:30',841,'','','',146443,843652,'hotspot1','B8:78:2E:76:A6:39','Lost-Service','','','10.0.0.149',0,0,''),(356,'8040001c','a5b17765d893f040','iphone','','','10.0.222.222','2151677980','Wireless-802.11','2014-05-07 22:25:59','2014-05-07 22:55:40',1782,'','','',165719,542721,'hotspot1','B8:78:2E:76:A6:39','Lost-Service','','','10.0.0.149',0,0,''),(357,'8040001d','1df4ae56fd4ddc4e','iphone','','','10.0.222.222','2151677981','Wireless-802.11','2014-05-08 05:17:34','2014-05-08 06:42:37',5102,'','','',2901477,66392510,'hotspot1','B8:78:2E:76:A6:39','Lost-Service','','','10.0.0.149',0,0,''),(358,'8040001e','7be53b837fda4584','iphone','','','10.0.222.222','2151677982','Wireless-802.11','2014-05-08 06:46:19','2014-05-08 07:31:25',2705,'','','',1546946,43245368,'hotspot1','B8:78:2E:76:A6:39','Lost-Service','','','10.0.0.149',0,0,''),(359,'8040001f','9856989e9399612e','mi','','','10.0.222.222','2151677983','Wireless-802.11','2014-05-08 07:28:16','2014-05-08 09:28:16',7200,'','','',180667,136297,'hotspot1','D4:97:0B:60:AC:B1','Session-Timeout','','','10.0.0.158',0,0,''),(360,'80400020','b0dd5988d0d6c75e','acer','','','10.0.222.222','2151677984','Wireless-802.11','2014-05-08 19:49:24','2014-05-08 21:36:22',6417,'','','',94985167,251109118,'hotspot1','D0:27:88:54:71:5D','Lost-Service','','','10.0.0.4',0,0,''),(361,'80400021','831c20fdfd10ce31','iphone','','','10.0.222.222','2151677985','Wireless-802.11','2014-05-08 19:57:26','2014-05-08 21:04:51',4044,'','','',1073790,22029272,'hotspot1','B8:78:2E:76:A6:39','Lost-Service','','','10.0.0.195',0,0,''),(362,'80400023','3a7d7b0540df11cb','iphone','','','10.0.222.222','2151677987','Wireless-802.11','2014-05-08 22:14:03','2014-05-08 22:52:47',2324,'','','',3174495,53189533,'hotspot1','B8:78:2E:76:A6:39','Lost-Service','','','10.0.0.195',0,0,''),(363,'80400024','e3cc0926d2a1e7fd','iphone','','','10.0.222.222','2151677988','Wireless-802.11','2014-05-09 02:41:30','2014-05-09 03:22:23',2454,'','','',899475,7601207,'hotspot1','B8:78:2E:76:A6:39','Lost-Service','','','10.0.0.195',0,0,''),(364,'80400025','b658f3ee60016b60','iphone','','','10.0.222.222','2151677989','Wireless-802.11','2014-05-09 06:21:22','2014-05-09 06:33:15',713,'','','',704314,34467403,'hotspot1','B8:78:2E:76:A6:39','Lost-Service','','','10.0.0.195',0,0,''),(365,'80400027','9d6372217e2a05f3','iphone','','','10.0.222.222','2151677991','Wireless-802.11','2014-05-09 07:57:14','2014-05-09 08:18:52',1298,'','','',202827,919606,'hotspot1','B8:78:2E:76:A6:39','Lost-Service','','','10.0.0.195',0,0,''),(366,'8040002b','e07e8f678233594e','iphone','','','10.0.222.222','2151677995','Wireless-802.11','2014-05-09 19:53:35','2014-05-09 20:16:05',1350,'','','',49982,211460,'hotspot1','B8:78:2E:76:A6:39','Lost-Service','','','10.0.0.216',0,0,''),(367,'8040002c','8b42fa0b6efcfa14','acer','','','10.0.222.222','2151677996','Wireless-802.11','2014-05-09 20:03:04','2014-05-09 21:09:23',3979,'','','',4763358,208955400,'hotspot1','D0:27:88:54:71:5D','Lost-Service','','','10.0.0.4',0,0,''),(368,'8040002d','7c4a5c660306871d','iphone','','','10.0.222.222','2151677997','Wireless-802.11','2014-05-09 20:46:19','2014-05-09 22:11:40',5120,'','','',14168474,92637762,'hotspot1','B8:78:2E:76:A6:39','Lost-Service','','','10.0.0.216',0,0,''),(369,'80400030','2335f268d4461b4d','acer','','','10.0.222.222','2151678000','Wireless-802.11','2014-05-09 22:30:15','2014-05-09 23:01:22',1866,'','','',1205572,11646651,'hotspot1','D0:27:88:54:71:5D','Lost-Service','','','10.0.0.4',0,0,''),(370,'80400031','abac755bb396df97','iphone','','','10.0.222.222','2151678001','Wireless-802.11','2014-05-10 02:59:00','2014-05-10 04:20:50',4910,'','','',1847494,37269922,'hotspot1','B8:78:2E:76:A6:39','Lost-Service','','','10.0.0.216',0,0,''),(371,'80400032','3499484233574243','iphone','','','10.0.222.222','2151678002','Wireless-802.11','2014-05-10 04:29:28','2014-05-10 05:22:50',3202,'','','',794643,12980397,'hotspot1','B8:78:2E:76:A6:39','Lost-Service','','','10.0.0.216',0,0,''),(372,'80400034','803be0574bbb7173','iphone','','','10.0.222.222','2151678004','Wireless-802.11','2014-05-10 06:55:31','2014-05-10 08:26:26',5455,'','','',2261750,13638994,'hotspot1','B8:78:2E:76:A6:39','Lost-Service','','','10.0.0.216',0,0,''),(373,'80400035','1d83f810bc6347ad','iphone','','','10.0.222.222','2151678005','Wireless-802.11','2014-05-10 09:12:29','2014-05-10 09:32:48',1218,'','','',48058,179958,'hotspot1','B8:78:2E:76:A6:39','Lost-Service','','','10.0.0.216',0,0,''),(374,'80400036','395165895e95467b','iphone','','','10.0.222.222','2151678006','Wireless-802.11','2014-05-10 10:11:37','2014-05-10 11:59:45',6488,'','','',1037635,6523441,'hotspot1','B8:78:2E:76:A6:39','Lost-Service','','','10.0.0.216',0,0,''),(375,'80400037','cb395a1283959128','acer','','','10.0.222.222','2151678007','Wireless-802.11','2014-05-10 10:27:34','2014-05-10 20:43:01',36923,'','','',36735508,613799227,'hotspot1','D0:27:88:54:71:5D','Lost-Service','','','10.0.0.4',0,0,''),(376,'80400038','92c0635346148f2b','iphone','','','10.0.222.222','2151678008','Wireless-802.11','2014-05-10 12:48:12','2014-05-10 13:03:38',925,'','','',9350847,287843,'hotspot1','B8:78:2E:76:A6:39','Lost-Service','','','10.0.0.216',0,0,''),(377,'80400039','351f70994cadceb8','iphone','','','10.0.222.222','2151678009','Wireless-802.11','2014-05-10 13:25:33','2014-05-10 14:30:31',3898,'','','',68039536,73168855,'hotspot1','B8:78:2E:76:A6:39','Lost-Service','','','10.0.0.216',0,0,''),(378,'8040003a','f68dc0e7c20dd719','mi','','','10.0.222.222','2151678010','Wireless-802.11','2014-05-10 14:09:11','2014-05-10 16:09:12',7200,'','','',2546228,4693579,'hotspot1','D4:97:0B:60:AC:B1','Session-Timeout','','','10.0.0.158',0,0,''),(379,'8040003b','133fbbb945c87f7d','iphone','','','10.0.222.222','2151678011','Wireless-802.11','2014-05-10 14:50:40','2014-05-10 15:11:03',1223,'','','',42283,76425,'hotspot1','B8:78:2E:76:A6:39','Lost-Service','','','10.0.0.216',0,0,''),(380,'8040003c','756416905309b6dc','iphone','','','10.0.222.222','2151678012','Wireless-802.11','2014-05-10 15:23:09','2014-05-10 15:41:06',1076,'','','',99758,968618,'hotspot1','B8:78:2E:76:A6:39','Lost-Service','','','10.0.0.216',0,0,''),(381,'8040003e','70121dfd1cc71a34','mi','','','10.0.222.222','2151678014','Wireless-802.11','2014-05-10 16:34:33','2014-05-10 16:37:32',179,'','','',133533,518468,'hotspot1','D4:97:0B:60:AC:B1','User-Request','','','10.0.0.158',0,0,''),(382,'8040003f','1d820bd3a90ecb3b','iphone','','','10.0.222.222','2151678015','Wireless-802.11','2014-05-10 16:35:53','2014-05-10 16:49:35',823,'','','',27889,85093,'hotspot1','B8:78:2E:76:A6:39','Lost-Service','','','10.0.0.216',0,0,''),(383,'80400040','dd270c3e94a9a626','mi','','','10.0.222.222','2151678016','Wireless-802.11','2014-05-10 16:37:48','2014-05-10 18:37:49',7200,'','','',355565,4206349,'hotspot1','D4:97:0B:60:AC:B1','Session-Timeout','','','10.0.0.158',0,0,''),(384,'80400041','93042c30fb22f85b','iphone','','','10.0.222.222','2151678017','Wireless-802.11','2014-05-10 16:54:59','2014-05-10 17:49:11',3252,'','','',126144,289765,'hotspot1','B8:78:2E:76:A6:39','Lost-Service','','','10.0.0.216',0,0,''),(385,'80400042','ef969ee473ea5b4d','haodan','','','10.0.222.222','2151678018','Wireless-802.11','2014-05-10 17:40:11','2014-05-10 18:23:17',2586,'','','',203038,2022186,'hotspot1','58:55:CA:BF:D0:7B','Lost-Service','','','10.0.0.117',0,0,''),(386,'80400045','1ab3c0892a46a00c','iphone','','','10.0.222.222','2151678021','Wireless-802.11','2014-05-10 19:21:16','2014-05-10 19:36:54',939,'','','',149413,858857,'hotspot1','B8:78:2E:76:A6:39','Lost-Service','','','10.0.0.216',0,0,''),(387,'80400046','c0f0cc61799f5ceb','iphone','','','10.0.222.222','2151678022','Wireless-802.11','2014-05-10 20:03:31','2014-05-10 20:15:30',719,'','','',24589,29376,'hotspot1','B8:78:2E:76:A6:39','Lost-Service','','','10.0.0.216',0,0,''),(388,'80400049','6a2f94f41a831362','haodan','','','10.0.222.222','2151678025','Wireless-802.11','2014-05-10 20:38:14','2014-05-10 21:35:05',3411,'','','',344109,5500657,'hotspot1','58:55:CA:BF:D0:7B','Lost-Service','','','10.0.0.117',0,0,''),(389,'8040004a','b4effab87007f963','haodan','','','10.0.222.222','2151678026','Wireless-802.11','2014-05-10 21:37:07','2014-05-10 23:38:27',7279,'','','',8410310,198481352,'hotspot1','F0:F6:1C:98:F6:12','Lost-Service','','','10.0.0.2',0,0,''),(390,'8040004b','9ecb5e1a216e022d','iphone','','','10.0.222.222','2151678027','Wireless-802.11','2014-05-10 22:37:42','2014-05-10 23:17:15',2372,'','','',887022,17891119,'hotspot1','B8:78:2E:76:A6:39','Lost-Service','','','10.0.0.216',0,0,''),(391,'8040004c','6f49e3cd0b13dc8b','iphone','','','10.0.222.222','2151678028','Wireless-802.11','2014-05-11 03:31:43','2014-05-11 05:01:30',5387,'','','',2199355,32109459,'hotspot1','B8:78:2E:76:A6:39','Lost-Service','','','10.0.0.216',0,0,''),(392,'8040004d','0295c93f004d6212','iphone','','','10.0.222.222','2151678029','Wireless-802.11','2014-05-11 06:09:42','2014-05-11 07:19:38',4196,'','','',1249160,17617716,'hotspot1','B8:78:2E:76:A6:39','Lost-Service','','','10.0.0.216',0,0,''),(393,'80400050','abc0ae7c4160938c','acer','','','10.0.222.222','2151678032','Wireless-802.11','2014-05-11 09:12:14','2014-05-11 21:14:07',43310,'','','',10088395,87709200,'hotspot1','D0:27:88:54:71:5D','Lost-Service','','','10.0.0.4',0,0,''),(394,'80400053','d17f8175eb3eb79b','haodan','','','10.0.222.222','2151678035','Wireless-802.11','2014-05-11 09:57:29','2014-05-11 11:26:03',5313,'','','',8089019,358645250,'hotspot1','F0:F6:1C:98:F6:12','Lost-Service','','','10.0.0.2',0,0,''),(395,'80400055','c4132c1cbc9205e6','iphone','','','10.0.222.222','2151678037','Wireless-802.11','2014-05-11 10:27:55','2014-05-11 10:56:04',1689,'','','',433361,2383373,'hotspot1','B8:78:2E:76:A6:39','Lost-Service','','','10.0.0.216',0,0,''),(396,'80400056','fe35a60a319cf09f','iphone','','','10.0.222.222','2151678038','Wireless-802.11','2014-05-11 11:09:55','2014-05-11 11:53:41',2627,'','','',756418,5611166,'hotspot1','B8:78:2E:76:A6:39','Lost-Service','','','10.0.0.216',0,0,''),(397,'80400057','dd17fcaebe8a944a','iphone','','','10.0.222.222','2151678039','Wireless-802.11','2014-05-11 13:12:32','2014-05-11 13:55:16',2564,'','','',1220224,51943341,'hotspot1','B8:78:2E:76:A6:39','Lost-Service','','','10.0.0.216',0,0,''),(398,'80400059','3cbf5cc2402b9cfc','iphone','','','10.0.222.222','2151678041','Wireless-802.11','2014-05-11 14:23:36','2014-05-11 14:39:25',949,'','','',222320,3121950,'hotspot1','B8:78:2E:76:A6:39','Lost-Service','','','10.0.0.216',0,0,''),(399,'8040005a','cbee6c355e0ee94d','iphone','','','10.0.222.222','2151678042','Wireless-802.11','2014-05-11 14:58:13','2014-05-11 15:11:29',797,'','','',31559,154121,'hotspot1','B8:78:2E:76:A6:39','Lost-Service','','','10.0.0.216',0,0,''),(400,'8040005b','09e07c9e03e42d97','iphone','','','10.0.222.222','2151678043','Wireless-802.11','2014-05-11 16:02:30','2014-05-11 17:28:19',5149,'','','',507876976,100057982,'hotspot1','B8:78:2E:76:A6:39','Lost-Service','','','10.0.0.216',0,0,''),(401,'8040005c','d91d2001e9646796','iphone','','','10.0.222.222','2151678044','Wireless-802.11','2014-05-11 18:32:07','2014-05-11 19:28:03',3355,'','','',1215669,11554763,'hotspot1','B8:78:2E:76:A6:39','Lost-Service','','','10.0.0.216',0,0,''),(402,'8040005d','51b20f6940997688','mi','','','10.0.222.222','2151678045','Wireless-802.11','2014-05-11 19:02:54','2014-05-11 19:14:57',723,'','','',199745,218781,'hotspot1','F0:F6:1C:98:F6:12','Lost-Service','','','10.0.0.2',0,0,''),(403,'8040005e','fd0e93b749baae17','iphone','','','10.0.222.222','2151678046','Wireless-802.11','2014-05-11 21:05:34','2014-05-11 22:11:30',3956,'','','',1534289,24020073,'hotspot1','B8:78:2E:76:A6:39','Lost-Service','','','10.0.0.216',0,0,''),(404,'80400060','0f905a4a900e3c59','iphone','','','10.0.222.222','2151678048','Wireless-802.11','2014-05-12 05:13:09','2014-05-12 05:28:52',943,'','','',378113,4701122,'hotspot1','B8:78:2E:76:A6:39','Lost-Service','','','10.0.0.216',0,0,''),(405,'80400062','0a21d6310aaeaade','haodan','','','10.0.222.222','2151678050','Wireless-802.11','2014-05-12 05:22:20','2014-05-12 10:12:35',17414,'','','',2853655,61206383,'hotspot1','F0:F6:1C:98:F6:12','Lost-Service','','','10.0.0.2',0,0,''),(406,'80400065','1fd27a7a8ce9d837','iphone','','','10.0.222.222','2151678053','Wireless-802.11','2014-05-12 07:31:22','2014-05-12 07:48:59',1057,'','','',213525,9169648,'hotspot1','B8:78:2E:76:A6:39','Lost-Service','','','10.0.0.216',0,0,''),(407,'80400066','2d348a1d58a0b96a','iphone','','','10.0.222.222','2151678054','Wireless-802.11','2014-05-12 08:50:20','2014-05-12 10:42:29',6728,'','','',978098,27966234,'hotspot1','B8:78:2E:76:A6:39','Lost-Service','','','10.0.0.216',0,0,''),(408,'80400068','7187f6402197634c','iphone','','','10.0.222.222','2151678056','Wireless-802.11','2014-05-12 10:45:20','2014-05-12 11:18:46',2006,'','','',190248,1380399,'hotspot1','B8:78:2E:76:A6:39','Lost-Service','','','10.0.0.216',0,0,''),(409,'80400069','682be2c05db46995','iphone','','','10.0.222.222','2151678057','Wireless-802.11','2014-05-12 13:53:38','2014-05-12 14:16:24',1365,'','','',166938,976036,'hotspot1','B8:78:2E:76:A6:39','Lost-Service','','','10.0.0.216',0,0,''),(410,'8040006b','fb9dcf9f80be9a7b','iphone','','','10.0.222.222','2151678059','Wireless-802.11','2014-05-12 14:36:47','2014-05-12 15:02:40',1554,'','','',22717280,3546201,'hotspot1','B8:78:2E:76:A6:39','Lost-Service','','','10.0.0.216',0,0,''),(411,'8040006d','0c2261d5139acb96','iphone','','','10.0.222.222','2151678061','Wireless-802.11','2014-05-12 15:39:29','2014-05-12 16:00:47',1277,'','','',174893,2155753,'hotspot1','B8:78:2E:76:A6:39','Lost-Service','','','10.0.0.216',0,0,''),(412,'8040006e','df8bdbd6b3e3a939','iphone','','','10.0.222.222','2151678062','Wireless-802.11','2014-05-12 16:03:14','2014-05-12 16:30:18',1623,'','','',40430,64558,'hotspot1','B8:78:2E:76:A6:39','Lost-Service','','','10.0.0.216',0,0,''),(413,'80400070','53e7bac4cab67dc9','iphone','','','10.0.222.222','2151678064','Wireless-802.11','2014-05-12 17:04:51','2014-05-12 17:17:34',763,'','','',49403,921208,'hotspot1','B8:78:2E:76:A6:39','Lost-Service','','','10.0.0.216',0,0,''),(414,'80400071','60264b6535c958ac','haodan','','','10.0.222.222','2151678065','Wireless-802.11','2014-05-12 18:47:32','2014-05-12 19:25:59',2307,'','','',104594,1513745,'hotspot1','F0:F6:1C:98:F6:12','Lost-Service','','','10.0.0.2',0,0,''),(415,'80400072','f42cad176b84c690','iphone','','','10.0.222.222','2151678066','Wireless-802.11','2014-05-12 19:58:32','2014-05-12 20:34:51',2180,'','','',1851796,113290191,'hotspot1','B8:78:2E:76:A6:39','Lost-Service','','','10.0.0.216',0,0,''),(416,'80400073','a04dfeed7efa5b7a','iphone','','','10.0.222.222','2151678067','Wireless-802.11','2014-05-12 21:47:52','2014-05-12 22:04:07',975,'','','',164800,680011,'hotspot1','B8:78:2E:76:A6:39','Lost-Service','','','10.0.0.216',0,0,''),(417,'80400074','c52854f28b589a73','iphone','','','10.0.222.222','2151678068','Wireless-802.11','2014-05-13 01:47:48','2014-05-13 02:16:07',1699,'','','',656240,7497010,'hotspot1','B8:78:2E:76:A6:39','Lost-Service','','','10.0.0.216',0,0,''),(418,'80400075','9c8adf8d8b2d62c6','iphone','','','10.0.222.222','2151678069','Wireless-802.11','2014-05-13 05:23:28','2014-05-13 06:37:48',4459,'','','',1973572,48115800,'hotspot1','B8:78:2E:76:A6:39','Lost-Service','','','10.0.0.216',0,0,''),(419,'80400076','1a1874cb75f4db2f','haodan','','','10.0.222.222','2151678070','Wireless-802.11','2014-05-13 06:29:51','2014-05-13 17:34:05',39854,'','','',1204456,19399217,'hotspot1','F0:F6:1C:98:F6:12','','','','10.0.0.2',0,0,''),(420,'80400078','293f36150be26cf4','iphone','','','10.0.222.222','2151678072','Wireless-802.11','2014-05-13 08:44:21','2014-05-13 09:13:37',1756,'','','',129173,354466,'hotspot1','B8:78:2E:76:A6:39','Lost-Service','','','10.0.0.216',0,0,''),(421,'80400079','a8276563a00e1118','acer','','','10.0.222.222','2151678073','Wireless-802.11','2014-05-13 09:25:15','2014-05-13 17:34:05',29330,'','','',457030950,1219726660,'hotspot1','D0:27:88:54:71:5D','','','','10.0.0.4',0,0,''),(422,'8040007a','92185f41773969be','iphone','','','10.0.222.222','2151678074','Wireless-802.11','2014-05-13 09:36:36','2014-05-13 09:54:42',1086,'','','',71602,140357,'hotspot1','B8:78:2E:76:A6:39','Lost-Service','','','10.0.0.216',0,0,''),(423,'8040007b','dd306f34f5656e37','iphone','','','10.0.222.222','2151678075','Wireless-802.11','2014-05-13 13:51:23','2014-05-13 14:21:04',1781,'','','',65762,207096,'hotspot1','B8:78:2E:76:A6:39','Lost-Service','','','10.0.0.216',0,0,''),(424,'8040007c','ff8e55bdab77c632','iphone','','','10.0.222.222','2151678076','Wireless-802.11','2014-05-13 15:20:58','2014-05-13 16:05:10',2652,'','','',14859511,1044587,'hotspot1','B8:78:2E:76:A6:39','Lost-Service','','','10.0.0.216',0,0,''),(425,'80500002','b2de412d2920b2cf','iphone','','','10.0.222.222','2152726530','Wireless-802.11','2014-05-13 17:34:47','2014-05-13 17:48:40',833,'','','',56948,78323,'hotspot1','B8:78:2E:76:A6:39','Lost-Service','','','10.0.0.216',0,0,''),(426,'80500004','76c40f0cd7473026','iphone','','','10.0.222.222','2152726532','Wireless-802.11','2014-05-13 18:17:23','2014-05-13 18:43:14',1551,'','','',345441,3290041,'hotspot1','B8:78:2E:76:A6:39','Lost-Service','','','10.0.0.216',0,0,''),(427,'80500005','b2fc41f0d8f95d58','acer','','','10.0.222.222','2152726533','Wireless-802.11','2014-05-13 18:36:49','2014-05-13 21:27:10',10221,'','','',5501866,28796256,'hotspot1','D0:27:88:54:71:5D','Lost-Service','','','10.0.0.4',0,0,''),(428,'80500006','de921da1f9370fdb','iphone','','','10.0.222.222','2152726534','Wireless-802.11','2014-05-13 19:01:41','2014-05-13 19:23:18',1296,'','','',50166,79860,'hotspot1','B8:78:2E:76:A6:39','Lost-Service','','','10.0.0.216',0,0,''),(429,'80500007','69d892e8c0afdb62','iphone','','','10.0.222.222','2152726535','Wireless-802.11','2014-05-13 19:52:51','2014-05-13 20:18:51',1560,'','','',409989,1512766,'hotspot1','B8:78:2E:76:A6:39','Lost-Service','','','10.0.0.216',0,0,''),(430,'80500008','07a36d3f8917909f','iphone','','','10.0.222.222','2152726536','Wireless-802.11','2014-05-13 20:19:59','2014-05-13 21:22:37',3758,'','','',8297934,43055268,'hotspot1','B8:78:2E:76:A6:39','Lost-Service','','','10.0.0.216',0,0,''),(431,'8050000b','74204602e624fd7b','iphone','','','10.0.222.222','2152726539','Wireless-802.11','2014-05-14 02:09:02','2014-05-14 03:18:23',4161,'','','',1282817,9365144,'hotspot1','B8:78:2E:76:A6:39','Lost-Service','','','10.0.0.216',0,0,''),(432,'8050000c','f5ab1dc309b08391','iphone','','','10.0.222.222','2152726540','Wireless-802.11','2014-05-14 06:38:03','2014-05-14 07:44:04',3961,'','','',3192619,91746330,'hotspot1','B8:78:2E:76:A6:39','Lost-Service','','','10.0.0.216',0,0,''),(433,'8050000d','da222b472e51b2b0','iphone','','','10.0.222.222','2152726541','Wireless-802.11','2014-05-14 08:37:35','2014-05-14 08:53:34',959,'','','',4435987,1524188,'hotspot1','B8:78:2E:76:A6:39','Lost-Service','','','10.0.0.216',0,0,''),(434,'8050000e','9b38798ef6082081','acer','','','10.0.222.222','2152726542','Wireless-802.11','2014-05-14 08:53:18','2014-05-14 21:07:48',44070,'','','',501766641,21969502783,'hotspot1','D0:27:88:54:71:5D','Lost-Service','','','10.0.0.4',0,0,''),(435,'8050000f','7d163729fd9c25f3','iphone','','','10.0.222.222','2152726543','Wireless-802.11','2014-05-14 09:32:13','2014-05-14 09:51:10',1138,'','','',52661,285951,'hotspot1','B8:78:2E:76:A6:39','Lost-Service','','','10.0.0.216',0,0,''),(436,'80500010','b985247c44f63cdb','iphone','','','10.0.222.222','2152726544','Wireless-802.11','2014-05-14 13:55:29','2014-05-14 14:44:22',2933,'','','',195846,2092762,'hotspot1','B8:78:2E:76:A6:39','Lost-Service','','','10.0.0.216',0,0,''),(437,'80500012','48e773bc59caa8ee','iphone','','','10.0.222.222','2152726546','Wireless-802.11','2014-05-14 16:12:47','2014-05-14 16:54:14',2486,'','','',81228,387577,'hotspot1','B8:78:2E:76:A6:39','Lost-Service','','','10.0.0.216',0,0,''),(438,'80500013','28eeb825b255f362','iphone','','','10.0.222.222','2152726547','Wireless-802.11','2014-05-14 17:19:18','2014-05-14 17:38:38',1160,'','','',180041,10664667,'hotspot1','B8:78:2E:76:A6:39','Lost-Service','','','10.0.0.216',0,0,''),(439,'80500014','480e7a59b2e28892','iphone','','','10.0.222.222','2152726548','Wireless-802.11','2014-05-14 18:24:09','2014-05-14 18:38:02',834,'','','',48466,152550,'hotspot1','B8:78:2E:76:A6:39','Lost-Service','','','10.0.0.216',0,0,''),(440,'80500015','1ed7892093da43eb','iphone','','','10.0.222.222','2152726549','Wireless-802.11','2014-05-14 19:16:43','2014-05-14 20:38:14',4891,'','','',11778924,29441611,'hotspot1','B8:78:2E:76:A6:39','Lost-Service','','','10.0.0.216',0,0,''),(441,'80500017','96efc3b77e1c2690','iphone','','','10.0.222.222','2152726551','Wireless-802.11','2014-05-14 20:47:04','2014-05-14 21:06:50',1187,'','','',74430,377932,'hotspot1','B8:78:2E:76:A6:39','Lost-Service','','','10.0.0.216',0,0,''),(442,'80500018','baab336eee04f2ac','iphone','','','10.0.222.222','2152726552','Wireless-802.11','2014-05-14 21:35:34','2014-05-14 23:11:22',5748,'','','',3393220,97191558,'hotspot1','B8:78:2E:76:A6:39','Lost-Service','','','10.0.0.216',0,0,''),(443,'80500019','5e8c43783223c1b4','iphone','','','10.0.222.222','2152726553','Wireless-802.11','2014-05-15 05:34:58','2014-05-15 06:34:48',3590,'','','',2073982,22565751,'hotspot1','B8:78:2E:76:A6:39','Lost-Service','','','10.0.0.216',0,0,''),(444,'8050001a','20ef8c17444567ca','iphone','','','10.0.222.222','2152726554','Wireless-802.11','2014-05-15 06:41:55','2014-05-15 07:19:45',2270,'','','',228053,1662626,'hotspot1','B8:78:2E:76:A6:39','Lost-Service','','','10.0.0.216',0,0,''),(445,'8050001c','ecc40ca2a3d1948a','iphone','','','10.0.222.222','2152726556','Wireless-802.11','2014-05-15 07:35:00','2014-05-15 07:49:00',840,'','','',78886,213237,'hotspot1','B8:78:2E:76:A6:39','Lost-Service','','','10.0.0.216',0,0,''),(446,'8050001d','5eea4ff9ababd253','iphone','','','10.0.222.222','2152726557','Wireless-802.11','2014-05-15 08:13:23','2014-05-15 09:01:49',2906,'','','',1950480,60808208,'hotspot1','B8:78:2E:76:A6:39','Lost-Service','','','10.0.0.216',0,0,''),(447,'8050001e','51280f24a00f0df6','acer','','','10.0.222.222','2152726558','Wireless-802.11','2014-05-15 08:38:28','2014-05-15 08:42:05',217,'','','',183832,1280467,'hotspot1','D0:27:88:54:71:5D','Lost-Carrier','','','10.0.0.4',0,0,''),(448,'8050001f','3e0623a3b4706c9d','iphone','','','10.0.222.222','2152726559','Wireless-802.11','2014-05-15 09:26:12','2014-05-15 09:40:40',868,'','','',148203,532490,'hotspot1','B8:78:2E:76:A6:39','Lost-Service','','','10.0.0.216',0,0,''),(449,'80500020','872c3930b2f5a9c6','iphone','','','10.0.222.222','2152726560','Wireless-802.11','2014-05-15 09:47:19','2014-05-15 10:32:57',2738,'','','',89860,159713,'hotspot1','B8:78:2E:76:A6:39','Lost-Service','','','10.0.0.216',0,0,''),(450,'80500021','7a88f6137a0e9f70','iphone','','','10.0.222.222','2152726561','Wireless-802.11','2014-05-15 10:49:19','2014-05-15 12:06:06',4607,'','','',532834,1647354,'hotspot1','B8:78:2E:76:A6:39','Lost-Service','','','10.0.0.216',0,0,''),(451,'80500023','748c2ba6fa817c35','mi','','','10.0.222.222','2152726563','Wireless-802.11','2014-05-15 11:53:34','2014-05-15 13:53:34',7200,'','','',68273223,67273808,'hotspot1','D4:97:0B:60:AC:B1','Session-Timeout','','','10.0.0.158',0,0,''),(452,'80500025','628cf5cbeb5b0b77','iphone','','','10.0.222.222','2152726565','Wireless-802.11','2014-05-15 13:49:08','2014-05-15 14:13:54',1486,'','','',71101,120990,'hotspot1','B8:78:2E:76:A6:39','Lost-Service','','','10.0.0.87',0,0,''),(453,'80500029','0a4d01a0928ddd8f','iphone','','','10.0.222.222','2152726569','Wireless-802.11','2014-05-15 17:04:23','2014-05-15 17:17:36',793,'','','',35154,70379,'hotspot1','B8:78:2E:76:A6:39','Lost-Service','','','10.0.0.87',0,0,''),(454,'8050002a','24c1f2436b666b24','iphone','','','10.0.222.222','2152726570','Wireless-802.11','2014-05-15 17:43:23','2014-05-15 18:34:17',3054,'','','',658205,5641745,'hotspot1','B8:78:2E:76:A6:39','Lost-Service','','','10.0.0.87',0,0,''),(455,'8050002b','fdf1b61dd16bcc76','iphone','','','10.0.222.222','2152726571','Wireless-802.11','2014-05-15 19:32:44','2014-05-15 20:02:54',1810,'','','',497818,5177975,'hotspot1','B8:78:2E:76:A6:39','Lost-Service','','','10.0.0.87',0,0,''),(456,'8050002c','9495bb2d0f976b0b','iphone','','','10.0.222.222','2152726572','Wireless-802.11','2014-05-15 20:27:28','2014-05-15 21:10:49',2600,'','','',3064222,4742760,'hotspot1','B8:78:2E:76:A6:39','Lost-Service','','','10.0.0.87',0,0,''),(457,'8050002d','f7ce217eaf7c77b8','iphone','','','10.0.222.222','2152726573','Wireless-802.11','2014-05-16 02:47:10','2014-05-16 03:45:46',3516,'','','',1586674,14758450,'hotspot1','B8:78:2E:76:A6:39','Lost-Service','','','10.0.0.87',0,0,''),(458,'8050002e','c535784f88945e60','iphone','','','10.0.222.222','2152726574','Wireless-802.11','2014-05-16 03:46:41','2014-05-16 04:13:37',1616,'','','',350124,9084663,'hotspot1','B8:78:2E:76:A6:39','Lost-Service','','','10.0.0.87',0,0,''),(459,'8050002f','b7292c91042f5f67','iphone','','','10.0.222.222','2152726575','Wireless-802.11','2014-05-16 06:37:12','2014-05-16 07:24:57',2866,'','','',670034,3724914,'hotspot1','B8:78:2E:76:A6:39','Lost-Service','','','10.0.0.87',0,0,''),(460,'80500030','62195e223bf9d925','iphone','','','10.0.222.222','2152726576','Wireless-802.11','2014-05-16 08:22:38','2014-05-16 08:35:19',762,'','','',821033,43489041,'hotspot1','B8:78:2E:76:A6:39','Lost-Service','','','10.0.0.87',0,0,''),(461,'80500031','c6914c73bc49387d','iphone','','','10.0.222.222','2152726577','Wireless-802.11','2014-05-16 09:18:32','2014-05-16 09:18:55',24,'','','',36754,225825,'hotspot1','B8:78:2E:76:A6:39','User-Request','','','10.0.0.87',0,0,''),(462,'80500032','3911f50dc7a8c8db','iphone','','','10.0.222.222','2152726578','Wireless-802.11','2014-05-16 09:19:18','2014-05-16 09:33:10',832,'','','',76361,161463,'hotspot1','B8:78:2E:76:A6:39','Lost-Service','','','10.0.0.87',0,0,''),(463,'80500033','42d082ee0db11ff1','iphone','','','10.0.222.222','2152726579','Wireless-802.11','2014-05-16 09:42:35','2014-05-16 10:15:31',1976,'','','',175764,2192173,'hotspot1','B8:78:2E:76:A6:39','Lost-Service','','','10.0.0.87',0,0,''),(464,'80500034','32334de09a32672a','iphone','','','10.0.222.222','2152726580','Wireless-802.11','2014-05-16 10:56:45','2014-05-16 11:01:08',263,'','','',90415,524450,'hotspot1','B8:78:2E:76:A6:39','User-Request','','','10.0.0.87',0,0,''),(465,'80500035','e96f592d532625bf','iphone','','','10.0.222.222','2152726581','Wireless-802.11','2014-05-16 11:01:19','2014-05-16 11:19:48',1109,'','','',73307,570960,'hotspot1','B8:78:2E:76:A6:39','Lost-Service','','','10.0.0.87',0,0,''),(466,'80500036','7e1516b7a06ca7af','iphone','','','10.0.222.222','2152726582','Wireless-802.11','2014-05-16 12:42:41','2014-05-16 12:53:44',663,'','','',61251,244999,'hotspot1','B8:78:2E:76:A6:39','Lost-Service','','','10.0.0.87',0,0,''),(467,'80500037','a4863f581573b1dd','iphone','','','10.0.222.222','2152726583','Wireless-802.11','2014-05-16 13:33:40','2014-05-16 14:01:10',1650,'','','',140916,329774,'hotspot1','B8:78:2E:76:A6:39','Lost-Service','','','10.0.0.87',0,0,''),(468,'80500038','5cedb9ae5eb2ef30','mi','','','10.0.222.222','2152726584','Wireless-802.11','2014-05-16 13:46:06','2014-05-16 15:46:06',7200,'','','',663856,19272509,'hotspot1','D4:97:0B:60:AC:B1','Session-Timeout','','','10.0.0.158',0,0,''),(469,'8050003a','3a14bdb65233b680','iphone','','','10.0.222.222','2152726586','Wireless-802.11','2014-05-16 14:13:22','2014-05-16 14:15:57',155,'','','',49753,127336,'hotspot1','B8:78:2E:76:A6:39','User-Request','','','10.0.0.87',0,0,''),(470,'8050003b','71fc470ab3e58e77','iphone','','','10.0.222.222','2152726587','Wireless-802.11','2014-05-16 14:16:22','2014-05-16 14:23:59',457,'','','',80680,285012,'hotspot1','B8:78:2E:76:A6:39','User-Request','','','10.0.0.87',0,0,''),(471,'8050003c','e303bc0130c36310','iphone','','','10.0.222.222','2152726588','Wireless-802.11','2014-05-16 14:24:43','2014-05-16 14:42:55',1092,'','','',54602,277724,'hotspot1','B8:78:2E:76:A6:39','User-Request','','','10.0.0.87',0,0,''),(472,'8050003d','3c7338740064c6f2','iphone','','','10.0.222.222','2152726589','Wireless-802.11','2014-05-16 14:43:11','2014-05-16 14:56:59',828,'','','',34153,77034,'hotspot1','B8:78:2E:76:A6:39','Lost-Service','','','10.0.0.87',0,0,''),(473,'8050003e','db61145880fedabb','iphone','','','10.0.222.222','2152726590','Wireless-802.11','2014-05-16 15:08:07','2014-05-16 15:58:15',3008,'','','',665531,932510,'hotspot1','B8:78:2E:76:A6:39','Lost-Service','','','10.0.0.87',0,0,''),(474,'8050003f','2a2660cc2746a3a5','iphone','','','10.0.222.222','2152726591','Wireless-802.11','2014-05-16 16:00:30','2014-05-16 16:12:35',725,'','','',28730,61229,'hotspot1','B8:78:2E:76:A6:39','Lost-Service','','','10.0.0.87',0,0,''),(475,'80500040','c1e50d616d9b3eae','iphone','','','10.0.222.222','2152726592','Wireless-802.11','2014-05-16 18:03:38','2014-05-16 18:37:23',2025,'','','',74452,112091,'hotspot1','B8:78:2E:76:A6:39','Lost-Service','','','10.0.0.87',0,0,''),(476,'80500041','6181bbfc777c75a6','iphone','','','10.0.222.222','2152726593','Wireless-802.11','2014-05-16 19:02:16','2014-05-16 19:39:56',2260,'','','',671982,12869744,'hotspot1','B8:78:2E:76:A6:39','Lost-Service','','','10.0.0.87',0,0,''),(477,'80500042','731bbae8b64e9e17','iphone','','','10.0.222.222','2152726594','Wireless-802.11','2014-05-16 20:09:39','2014-05-16 20:33:43',1444,'','','',341032,1683140,'hotspot1','B8:78:2E:76:A6:39','Lost-Service','','','10.0.0.87',0,0,''),(478,'80500044','ed17899862487b7e','iphone','','','10.0.222.222','2152726596','Wireless-802.11','2014-05-16 20:53:45','2014-05-16 21:36:01',2536,'','','',158903,2444312,'hotspot1','B8:78:2E:76:A6:39','Lost-Service','','','10.0.0.87',0,0,''),(479,'80500045','59f0c9bbfdd4f55a','mi','','','10.0.222.222','2152726597','Wireless-802.11','2014-05-16 21:19:50','2014-05-16 23:19:50',7200,'','','',436441,665163,'hotspot1','D4:97:0B:60:AC:B1','Session-Timeout','','','10.0.0.158',0,0,''),(480,'80500046','1d92076efcd59b29','king','','','10.0.222.222','2152726598','Wireless-802.11','2014-05-16 21:24:53','2014-05-16 21:46:59',1326,'','','',9586,26811,'hotspot1','58:55:CA:BF:D0:7B','Lost-Service','','','10.0.0.102',0,0,''),(481,'80500047','a257f5a2dba962a0','haodan','','','10.0.222.222','2152726599','Wireless-802.11','2014-05-16 22:14:08','2014-05-16 23:07:25',3197,'','','',790528,11180646,'hotspot1','58:55:CA:BF:D0:7B','Lost-Service','','','10.0.0.102',0,0,''),(482,'80500048','8aca8ee9463d99b9','iphone','','','10.0.222.222','2152726600','Wireless-802.11','2014-05-16 22:24:19','2014-05-16 23:17:00',3161,'','','',1905411,27001997,'hotspot1','B8:78:2E:76:A6:39','Lost-Service','','','10.0.0.87',0,0,''),(483,'80500049','bc589b866f93f842','iphone','','','10.0.222.222','2152726601','Wireless-802.11','2014-05-17 05:03:33','2014-05-17 07:03:33',7200,'','','',7924260,230979146,'hotspot1','B8:78:2E:76:A6:39','Session-Timeout','','','10.0.0.87',0,0,''),(484,'8050004a','9f0e5fe00e7f109c','iphone','','','10.0.222.222','2152726602','Wireless-802.11','2014-05-17 07:05:01','2014-05-17 07:49:28',2666,'','','',779696,12271975,'hotspot1','B8:78:2E:76:A6:39','Lost-Service','','','10.0.0.87',0,0,''),(485,'8050004b','6db9548b9e4fd9fc','acer','','','10.0.222.222','2152726603','Wireless-802.11','2014-05-17 07:53:22','2014-05-17 22:47:37',53655,'','','',215388950,10180774801,'hotspot1','D0:27:88:54:71:5D','User-Request','','','10.0.0.2',0,0,''),(486,'8050004c','15fc83880ac1f620','iphone','','','10.0.222.222','2152726604','Wireless-802.11','2014-05-17 10:19:57','2014-05-17 10:45:18',1521,'','','',298006,2392795,'hotspot1','B8:78:2E:76:A6:39','Lost-Service','','','10.0.0.87',0,0,''),(487,'8050004d','d758fe568dcb671d','iphone','','','10.0.222.222','2152726605','Wireless-802.11','2014-05-17 12:07:54','2014-05-17 13:52:14',6260,'','','',1940964,19321454,'hotspot1','B8:78:2E:76:A6:39','Lost-Service','','','10.0.0.87',0,0,''),(488,'8050004f','03e41a89206cb16a','iphone','','','10.0.222.222','2152726607','Wireless-802.11','2014-05-17 14:48:00','2014-05-17 15:40:59',3179,'','','',830934,5941612,'hotspot1','B8:78:2E:76:A6:39','Lost-Service','','','10.0.0.87',0,0,''),(489,'80500050','08db44a7a50eb22b','iphone','','','10.0.222.222','2152726608','Wireless-802.11','2014-05-17 15:50:22','2014-05-17 16:27:28',2226,'','','',392273,2737372,'hotspot1','B8:78:2E:76:A6:39','Lost-Service','','','10.0.0.87',0,0,''),(490,'80500051','6591e61f928480c8','iphone','','','10.0.222.222','2152726609','Wireless-802.11','2014-05-17 18:00:58','2014-05-17 18:19:18',1100,'','','',47488,204778,'hotspot1','B8:78:2E:76:A6:39','Lost-Service','','','10.0.0.87',0,0,''),(491,'80500052','0103971252843b9a','iphone','','','10.0.222.222','2152726610','Wireless-802.11','2014-05-17 19:27:11','2014-05-17 20:26:43',3572,'','','',2322029,49697235,'hotspot1','B8:78:2E:76:A6:39','Lost-Service','','','10.0.0.87',0,0,''),(492,'80500055','d6b6f1a9c6602c0f','air','','','10.0.222.222','2152726613','Wireless-802.11','2014-05-17 22:12:22','2014-05-17 22:23:31',669,'','','',22207,25584,'hotspot1','84:38:35:64:3D:B6','Lost-Service','','','10.0.0.170',0,0,''),(493,'80500056','f1b21c1f5944ff32','acer','','','10.0.222.222','2152726614','Wireless-802.11','2014-05-17 22:47:38','2014-05-17 23:15:41',1683,'','','',578454,1465994,'hotspot1','D0:27:88:54:71:5D','Lost-Service','','','10.0.0.2',0,0,''),(494,'80500057','02f944132726bc85','haodan','','','10.0.222.222','2152726615','Wireless-802.11','2014-05-17 22:51:09','2014-05-17 23:15:58',1488,'','','',622377,1903073,'hotspot1','E0:9D:31:16:1C:30','Lost-Service','','','10.0.0.193',0,0,''),(495,'80500058','f9a0c1bb8b64c5f9','iphone','','','10.0.222.222','2152726616','Wireless-802.11','2014-05-17 23:07:50','2014-05-17 23:57:47',2997,'','','',756863,5934520,'hotspot1','B8:78:2E:76:A6:39','Lost-Service','','','10.0.0.87',0,0,''),(496,'80500059','b1fefd70cae5047a','iphone','','','10.0.222.222','2152726617','Wireless-802.11','2014-05-18 02:01:42','2014-05-18 02:44:56',2594,'','','',1584031,41619943,'hotspot1','B8:78:2E:76:A6:39','Lost-Service','','','10.0.0.87',0,0,''),(497,'8050005a','5a5b77293d324f5b','iphone','','','10.0.222.222','2152726618','Wireless-802.11','2014-05-18 02:47:51','2014-05-18 03:16:41',1731,'','','',301332,2060636,'hotspot1','B8:78:2E:76:A6:39','Lost-Service','','','10.0.0.87',0,0,''),(498,'8050005b','45d2e6ec098bca7b','air','','','10.0.222.222','2152726619','Wireless-802.11','2014-05-18 03:05:47','2014-05-18 04:40:55',5709,'','','',21405320,427435764,'hotspot1','84:38:35:64:3D:B6','Lost-Service','','','10.0.0.170',0,0,''),(499,'8050005c','dc8ac8170ce492b6','iphone','','','10.0.222.222','2152726620','Wireless-802.11','2014-05-18 04:39:20','2014-05-18 05:19:46',2425,'','','',1239127,19703626,'hotspot1','B8:78:2E:76:A6:39','Lost-Service','','','10.0.0.87',0,0,''),(500,'8050005d','2cd415b938903a4e','haodan','','','10.0.222.222','2152726621','Wireless-802.11','2014-05-18 05:35:18','2014-05-18 08:59:46',12268,'','','',10238049,392868057,'hotspot1','F0:F6:1C:98:F6:12','Admin-Reboot','','','10.0.0.78',0,0,''),(501,'8050005e','17497848aa728138','iphone','','','10.0.222.222','2152726622','Wireless-802.11','2014-05-18 07:24:24','2014-05-18 07:56:27',1923,'','','',512054,3976350,'hotspot1','B8:78:2E:76:A6:39','Lost-Service','','','10.0.0.87',0,0,''),(502,'8050005f','c2552a07e2475b64','acer','','','10.0.222.222','2152726623','Wireless-802.11','2014-05-18 08:58:18','2014-05-18 08:59:46',88,'','','',66234,181772,'hotspot1','D0:27:88:54:71:5D','Admin-Reboot','','','10.0.0.2',0,0,''),(503,'80600000','827b44662b176b83','acer','','','10.0.222.222','2153775104','Wireless-802.11','2014-05-18 09:10:57','2014-05-18 09:27:40',1003,'','','',1581030,7034659,'hotspot1','D0:27:88:54:71:5D','User-Request','','','10.0.0.2',0,0,''),(504,'80600001','60445025370f625f','acer','','','10.0.222.222','2153775105','Wireless-802.11','2014-05-18 09:27:44',NULL,28501,'','','',6450073,23838630,'hotspot1','D0:27:88:54:71:5D','','','','10.0.0.2',0,0,''),(505,'80600002','9993d0acbc86e823','haodan','','','10.0.222.222','2153775106','Wireless-802.11','2014-05-18 10:58:52','2014-05-18 14:36:13',13226,'','','',7867140,362550724,'hotspot1','F0:F6:1C:98:F6:12','Lost-Service','','','10.0.0.78',0,0,''),(506,'80600003','8f9eff7ad589a94f','iphone','','','10.0.222.222','2153775107','Wireless-802.11','2014-05-18 12:18:53','2014-05-18 12:29:23',629,'','','',32144,221792,'hotspot1','B8:78:2E:76:A6:39','Lost-Service','','','10.0.0.25',0,0,''),(507,'80600004','6385566266b0ec7a','iphone','','','10.0.222.222','2153775108','Wireless-802.11','2014-05-18 13:02:32','2014-05-18 13:47:02',2855,'','','',1009782,10035184,'hotspot1','B8:78:2E:76:A6:39','Lost-Service','','','10.0.0.29',0,0,''),(508,'80600005','7be4a25a962758f3','iphone','','','10.0.222.222','2153775109','Wireless-802.11','2014-05-18 13:55:13','2014-05-18 14:15:49',1236,'','','',215361,1052108,'hotspot1','B8:78:2E:76:A6:39','Lost-Service','','','10.0.0.29',0,0,''),(509,'80600006','c5ff5107c876c952','iphone','','','10.0.222.222','2153775110','Wireless-802.11','2014-05-18 15:18:35','2014-05-18 17:00:52',6137,'','','',761870,8665221,'hotspot1','B8:78:2E:76:A6:39','Lost-Service','','','10.0.0.29',0,0,''),(510,'80600007','419319079cd853f5','haodan','','','10.0.222.222','2153775111','Wireless-802.11','2014-05-18 16:42:22',NULL,2399,'','','',122200,1268186,'hotspot1','F0:F6:1C:98:F6:12','','','','10.0.0.78',0,0,'');
/*!40000 ALTER TABLE `radacct` ENABLE KEYS */;
UNLOCK TABLES;

--
-- Table structure for table `radcheck`
--

DROP TABLE IF EXISTS `radcheck`;
/*!40101 SET @saved_cs_client     = @@character_set_client */;
/*!40101 SET character_set_client = utf8 */;
CREATE TABLE `radcheck` (
  `id` int(11) unsigned NOT NULL AUTO_INCREMENT,
  `username` varchar(64) NOT NULL DEFAULT '',
  `attribute` varchar(64) NOT NULL DEFAULT '',
  `op` char(2) NOT NULL DEFAULT '==',
  `value` varchar(253) NOT NULL DEFAULT '',
  PRIMARY KEY (`id`),
  KEY `username` (`username`(32))
) ENGINE=MyISAM AUTO_INCREMENT=13 DEFAULT CHARSET=latin1;
/*!40101 SET character_set_client = @saved_cs_client */;

--
-- Dumping data for table `radcheck`
--

LOCK TABLES `radcheck` WRITE;
/*!40000 ALTER TABLE `radcheck` DISABLE KEYS */;
INSERT INTO `radcheck` VALUES (1,'air','Cleartext-Password',':=','King1985'),(2,'panda','Cleartext-Password',':=','King1985'),(3,'ipad','Cleartext-Password',':=','King1985'),(4,'iphone','Cleartext-Password',':=','King1985'),(5,'mi','Cleartext-Password',':=','King1985'),(6,'acer','Cleartext-Password',':=','King1985'),(7,'pc','Cleartext-Password',':=','King1985'),(8,'king','Cleartext-Password',':=','King1985'),(9,'jinhuafeng','Cleartext-Password',':=','King1985'),(10,'huafeng','Cleartext-Password',':=','King1985'),(11,'haodan','Cleartext-Password',':=','King1985');
/*!40000 ALTER TABLE `radcheck` ENABLE KEYS */;
UNLOCK TABLES;

--
-- Table structure for table `radgroupcheck`
--

DROP TABLE IF EXISTS `radgroupcheck`;
/*!40101 SET @saved_cs_client     = @@character_set_client */;
/*!40101 SET character_set_client = utf8 */;
CREATE TABLE `radgroupcheck` (
  `id` int(11) unsigned NOT NULL AUTO_INCREMENT,
  `groupname` varchar(64) NOT NULL DEFAULT '',
  `attribute` varchar(64) NOT NULL DEFAULT '',
  `op` char(2) NOT NULL DEFAULT '==',
  `value` varchar(253) NOT NULL DEFAULT '',
  PRIMARY KEY (`id`),
  KEY `groupname` (`groupname`(32))
) ENGINE=MyISAM AUTO_INCREMENT=2 DEFAULT CHARSET=latin1;
/*!40101 SET character_set_client = @saved_cs_client */;

--
-- Dumping data for table `radgroupcheck`
--

LOCK TABLES `radgroupcheck` WRITE;
/*!40000 ALTER TABLE `radgroupcheck` DISABLE KEYS */;
INSERT INTO `radgroupcheck` VALUES (1,'normal','Simultaneous-Use',':=','1');
/*!40000 ALTER TABLE `radgroupcheck` ENABLE KEYS */;
UNLOCK TABLES;

--
-- Table structure for table `radgroupreply`
--

DROP TABLE IF EXISTS `radgroupreply`;
/*!40101 SET @saved_cs_client     = @@character_set_client */;
/*!40101 SET character_set_client = utf8 */;
CREATE TABLE `radgroupreply` (
  `id` int(11) unsigned NOT NULL AUTO_INCREMENT,
  `groupname` varchar(64) NOT NULL DEFAULT '',
  `attribute` varchar(64) NOT NULL DEFAULT '',
  `op` char(2) NOT NULL DEFAULT '=',
  `value` varchar(253) NOT NULL DEFAULT '',
  PRIMARY KEY (`id`),
  KEY `groupname` (`groupname`(32))
) ENGINE=MyISAM AUTO_INCREMENT=13 DEFAULT CHARSET=latin1;
/*!40101 SET character_set_client = @saved_cs_client */;

--
-- Dumping data for table `radgroupreply`
--

LOCK TABLES `radgroupreply` WRITE;
/*!40000 ALTER TABLE `radgroupreply` DISABLE KEYS */;
INSERT INTO `radgroupreply` VALUES (6,'vip','Idle-Timeout',':=','3600'),(7,'vip','Session-Timeout',':=','7200'),(8,'vip','Acct-Interim-Interval',':=','300'),(9,'vip','WISPr-Redirection-URL',':=','http://www.air-wifi.com/mobile/index.html'),(11,'vip2','Acct-Interim-Interval',':=','60'),(12,'vip2','WISPr-Redirection-URL',':=','http://www.air-wifi.com/mobile/index.html');
/*!40000 ALTER TABLE `radgroupreply` ENABLE KEYS */;
UNLOCK TABLES;

--
-- Table structure for table `radpostauth`
--

DROP TABLE IF EXISTS `radpostauth`;
/*!40101 SET @saved_cs_client     = @@character_set_client */;
/*!40101 SET character_set_client = utf8 */;
CREATE TABLE `radpostauth` (
  `id` int(11) NOT NULL AUTO_INCREMENT,
  `username` varchar(64) NOT NULL DEFAULT '',
  `pass` varchar(64) NOT NULL DEFAULT '',
  `reply` varchar(32) NOT NULL DEFAULT '',
  `authdate` timestamp NOT NULL DEFAULT CURRENT_TIMESTAMP ON UPDATE CURRENT_TIMESTAMP,
  PRIMARY KEY (`id`)
) ENGINE=MyISAM DEFAULT CHARSET=latin1;
/*!40101 SET character_set_client = @saved_cs_client */;

--
-- Dumping data for table `radpostauth`
--

LOCK TABLES `radpostauth` WRITE;
/*!40000 ALTER TABLE `radpostauth` DISABLE KEYS */;
/*!40000 ALTER TABLE `radpostauth` ENABLE KEYS */;
UNLOCK TABLES;

--
-- Table structure for table `radreply`
--

DROP TABLE IF EXISTS `radreply`;
/*!40101 SET @saved_cs_client     = @@character_set_client */;
/*!40101 SET character_set_client = utf8 */;
CREATE TABLE `radreply` (
  `id` int(11) unsigned NOT NULL AUTO_INCREMENT,
  `username` varchar(64) NOT NULL DEFAULT '',
  `attribute` varchar(64) NOT NULL DEFAULT '',
  `op` char(2) NOT NULL DEFAULT '=',
  `value` varchar(253) NOT NULL DEFAULT '',
  PRIMARY KEY (`id`),
  KEY `username` (`username`(32))
) ENGINE=MyISAM DEFAULT CHARSET=latin1;
/*!40101 SET character_set_client = @saved_cs_client */;

--
-- Dumping data for table `radreply`
--

LOCK TABLES `radreply` WRITE;
/*!40000 ALTER TABLE `radreply` DISABLE KEYS */;
/*!40000 ALTER TABLE `radreply` ENABLE KEYS */;
UNLOCK TABLES;

--
-- Table structure for table `radusergroup`
--

DROP TABLE IF EXISTS `radusergroup`;
/*!40101 SET @saved_cs_client     = @@character_set_client */;
/*!40101 SET character_set_client = utf8 */;
CREATE TABLE `radusergroup` (
  `username` varchar(64) NOT NULL DEFAULT '',
  `groupname` varchar(64) NOT NULL DEFAULT '',
  `priority` int(11) NOT NULL DEFAULT '1',
  KEY `username` (`username`(32))
) ENGINE=MyISAM DEFAULT CHARSET=latin1;
/*!40101 SET character_set_client = @saved_cs_client */;

--
-- Dumping data for table `radusergroup`
--

LOCK TABLES `radusergroup` WRITE;
/*!40000 ALTER TABLE `radusergroup` DISABLE KEYS */;
INSERT INTO `radusergroup` VALUES ('air','vip',1),('panda','vip',1),('ipad','vip',1),('iphone','vip',1),('mi','vip',1),('pc','vip',1),('king','vip',1),('jinhuafeng','vip',1),('huafeng','vip',1),('acer','vip2',1);
/*!40000 ALTER TABLE `radusergroup` ENABLE KEYS */;
UNLOCK TABLES;
/*!40103 SET TIME_ZONE=@OLD_TIME_ZONE */;

/*!40101 SET SQL_MODE=@OLD_SQL_MODE */;
/*!40014 SET FOREIGN_KEY_CHECKS=@OLD_FOREIGN_KEY_CHECKS */;
/*!40014 SET UNIQUE_CHECKS=@OLD_UNIQUE_CHECKS */;
/*!40101 SET CHARACTER_SET_CLIENT=@OLD_CHARACTER_SET_CLIENT */;
/*!40101 SET CHARACTER_SET_RESULTS=@OLD_CHARACTER_SET_RESULTS */;
/*!40101 SET COLLATION_CONNECTION=@OLD_COLLATION_CONNECTION */;
/*!40111 SET SQL_NOTES=@OLD_SQL_NOTES */;

-- Dump completed on 2014-05-18 17:22:43
